"","CL3","CC1","SV1","M31Fcsw","M11Fcsw","M31Plmr","M11Plmr","F21Plmr","M31Tong","M11Tong","LMEpi24M","SLEpi20M","AQC1cm","AQC4cm","AQC7cm","NP2","NP3","NP5","TRRsed1","TRRsed2","TRRsed3","TS28","TS29","Even1","Even2","Even3"
"951",0,0,0,0,0,0,1,0,0,0,0,0,0,0,0,0,0,0,0,0,0,0,0,0,0,0
"549041",0,0,0,0,0,0,0,0,0,0,0,0,0,0,0,0,2,1,0,1,4,0,0,0,0,0
"108964",0,1,0,1,1,0,3,9,19,1,4,4,3,4,7,7,193,1510,667,6691,11117,16,3,59,3,3
"71074",234,983,28774,1,1,40,75,128,4,1,3,1,1,3,4,0,2,0,22,286,139,3,3,7,7,74
"173903",0,0,0,0,0,0,0,0,0,0,0,0,0,0,0,0,0,0,0,0,1,0,0,0,0,0
"47016",0,0,0,0,0,0,0,0,0,0,0,0,0,0,0,0,0,0,0,0,1,0,0,0,0,0
"548723",0,0,0,0,0,0,0,0,0,0,0,0,0,0,0,0,0,0,0,0,2,0,0,0,0,0
"526502",0,0,0,0,0,0,0,0,0,0,0,0,0,0,0,0,0,0,0,0,1,0,0,0,0,0
"132088",0,0,0,0,0,0,16,0,0,0,0,0,0,0,0,0,0,0,0,0,1,0,0,0,0,0
"236606",0,0,0,0,0,0,0,0,0,0,1,0,12,151,162,0,0,0,0,0,0,0,0,0,0,0
"206978",0,0,0,0,0,0,0,0,0,0,0,0,8,42,61,1,0,0,0,1,1,0,0,0,0,0
"557121",0,0,0,0,0,0,0,0,0,0,0,0,0,2,0,0,0,0,0,0,0,0,0,0,0,0
"264985",0,0,0,0,0,0,0,0,0,0,0,0,1,8,7,0,0,0,0,0,0,0,0,0,0,0
"248224",0,0,0,0,0,0,0,0,0,0,0,0,9,127,146,0,0,0,0,0,0,0,0,0,0,0
"212360",11,2,4,0,0,0,0,0,0,0,0,0,1,0,0,0,0,0,0,0,0,0,0,0,0,0
"140297",0,0,0,0,0,0,0,0,0,0,0,0,8,19,17,0,0,0,0,0,0,0,0,0,0,0
"77878",1,0,0,0,0,0,1,0,2,2,23,25,766,2649,2997,22,5,1,1,1,1,1,3,3,0,1
"155634",0,0,0,0,0,0,0,0,0,0,0,0,0,0,0,0,0,0,0,1,1,0,0,0,0,0
"227785",0,1,0,27,54,0,0,0,4,0,1,0,28,98,66,0,1,1,0,2,13,1568,1670,2,0,2
"368907",10,0,0,0,0,257,293,20,1,2,1,0,0,0,0,0,0,0,0,0,0,0,0,0,0,0
"378053",0,0,0,0,0,3,0,0,0,0,0,0,0,0,0,0,0,0,0,0,0,0,0,0,0,0
"165106",0,1,0,0,0,0,0,0,0,0,0,0,0,0,0,0,0,0,0,0,0,0,0,0,0,0
"12751",15,362,8,0,0,2,1,3,0,0,2,0,2,3,1,0,0,0,0,0,0,0,0,0,0,0
"145101",0,0,0,0,0,0,1,0,0,0,0,0,0,0,0,0,0,0,0,0,0,0,0,0,0,0
"428663",0,0,1,0,0,0,0,0,0,0,0,0,0,0,0,0,0,0,0,0,0,0,0,0,0,0
"145776",16,309,187,0,0,28,42,25,1,0,0,2,0,2,0,0,0,0,0,2,1,0,1,0,0,0
"207298",88,359,944,1,0,20,58,32,0,0,0,0,5,0,3,0,7,0,1,15,0,0,1,1,2,3
"559914",87,245,453,1,0,70,148,33,1,1,0,1,12,20,24,0,92,0,4,19,3,0,0,1,1,1
"32247",16,228,31,0,0,17,88,16,0,0,0,0,2,0,0,0,0,0,0,3,2,0,0,0,0,1
"248838",38,60,1683,0,0,2,1,1,0,0,0,0,1,0,0,0,0,1,0,3,0,0,0,1,1,5
"45777",11,0,12,0,0,0,0,1,0,0,0,0,0,0,0,0,0,0,0,3,0,0,0,0,0,0
"533436",168,160,218,0,0,21,53,14,1,0,0,1,36,15,12,0,0,0,0,2,0,0,0,2,2,1
"354168",1,7,265,0,0,0,1,0,0,0,0,0,0,0,0,0,0,0,0,0,3,0,0,0,0,0
"104948",50,28,234,0,0,3,13,7,9,1,1,0,5,4,7,0,0,0,1,19,9,0,0,0,0,0
"246769",4,8,16,0,0,0,0,0,0,0,0,0,0,0,0,0,0,0,0,2,5,0,0,0,0,0
"273580",0,0,0,0,0,3,0,0,0,0,0,0,0,0,0,0,0,0,0,0,0,0,0,0,0,0
"89696",0,1,9,0,0,13,22,2,0,0,0,0,0,0,0,0,0,0,0,11,6,0,0,0,0,0
"471203",0,0,0,0,0,0,0,0,0,0,0,0,0,0,0,0,0,0,0,1,0,0,0,0,0,0
"589503",46,36,1,0,0,1,0,1,0,0,0,0,0,0,0,0,0,0,0,8,6,0,0,0,0,0
"337753",4,5,2,0,0,0,0,0,0,0,1,0,0,0,0,0,0,0,0,2,5,0,0,0,0,0
"23223",2,0,1,0,0,0,0,0,0,0,0,0,0,0,0,0,0,0,1,1,0,0,0,0,0,0
"108281",19,5,2,0,0,0,1,0,0,0,0,0,0,0,0,0,0,0,0,0,0,0,0,0,1,0
"12151",42,27,2,0,0,0,0,0,0,0,0,0,0,0,0,0,0,0,0,1,2,0,0,0,0,0
"249700",12,36,88,0,0,0,3,1,1,0,0,0,2,4,5,0,0,0,0,1,8,0,0,0,0,0
"181053",18,65,18,0,0,0,0,0,0,0,0,0,0,0,0,0,0,0,0,5,4,0,0,0,0,0
"12131",0,0,0,0,0,1,0,0,2,0,0,0,0,0,0,0,0,0,0,0,1,0,0,0,0,0
"535545",364,45,680,0,0,0,4,0,0,0,1,0,1,0,0,0,0,0,1,0,0,0,0,3,1,5
"160968",35,61,43,0,0,11,2,7,0,0,0,0,0,1,0,0,0,0,0,12,4,0,0,0,0,0
"534213",198,63,684,0,1,0,19,1,0,3,34,1,3,1,7,2,1,0,0,3,0,0,0,0,0,2
"549001",27,144,44,0,0,16,12,6,0,0,0,0,1,0,1,0,0,0,0,1,0,0,0,0,0,0
"542752",1,2,1,0,0,0,0,5,0,0,6,0,0,0,0,0,1,0,0,7,12,0,0,0,0,0
"158633",22,150,226,0,0,12,35,33,0,0,0,0,0,1,2,0,0,0,1,9,4,0,0,1,3,0
"175954",284,1332,5576,2,2,54,727,82,15,0,3,2,4,3,7,2,0,0,2,24,13,2,0,6,4,11
"133017",5,1,19,0,0,0,0,0,0,0,0,0,0,0,0,0,0,0,0,0,0,0,0,0,0,0
"12988",27,241,987,0,0,29,56,13,0,0,2,0,2,0,0,0,1,0,2,3,2,0,0,1,1,1
"12989",385,0,2,0,0,0,0,0,0,1,0,0,1,0,0,0,0,0,0,0,0,0,0,3,0,0
"12970",36,7,275,0,0,0,5,0,0,0,0,0,0,0,0,0,0,0,0,1,0,0,0,0,0,0
"248764",1,1,0,0,0,0,0,0,0,0,0,0,0,0,0,0,0,0,0,0,0,0,0,0,0,0
"57769",5,3,150,0,0,0,0,0,0,0,0,0,0,0,0,0,0,0,0,0,0,0,0,0,0,0
"33829",5,199,57,0,0,4,7,1,0,0,5,0,1,0,1,0,0,1,0,1,0,0,0,2,0,1
"313723",0,0,5,0,0,0,1,0,0,0,0,0,0,0,0,0,0,0,0,0,0,0,0,0,0,0
"238963",69,232,2352,0,0,0,0,0,2,1,0,0,1,1,0,0,1,0,0,2,0,2,0,1,4,13
"12808",0,5,0,0,0,0,0,0,0,0,0,0,0,0,0,0,0,0,0,0,0,0,0,0,0,0
"139950",114,530,28,0,0,0,1,0,0,0,0,0,0,2,0,0,0,0,0,3,0,0,0,0,2,0
"531775",171,1638,2066,1,2,32,38,41,1,0,3,1,1,2,1,0,1,0,2,6,2,0,0,1,11,11
"273055",546,2069,11979,2,0,43,61,83,6,1,1,1,8,26,11,0,2,5,12,19,12,6,5,8,13,67
"536662",90,166,206,0,1,0,0,0,1,0,0,0,2,1,0,0,0,0,1,0,1,0,0,0,1,0
"250002",121,128,209,0,0,2,1,0,0,0,0,0,2,0,0,0,1,0,1,2,0,1,0,0,0,1
"12896",333,386,772,2,0,0,0,2,0,0,0,0,3,28,5,0,0,2,0,0,0,1,0,5,3,3
"112936",250,233,12,0,0,2,0,14,0,0,0,0,0,0,0,0,1,1,0,7,4,0,0,1,3,0
"33446",0,0,2,0,0,0,0,0,0,0,0,0,0,0,0,0,0,0,0,7,1,0,0,0,0,0
"166311",4,0,0,0,0,0,0,0,0,0,0,0,0,0,0,0,0,0,0,1,0,0,0,0,0,0
"102598",517,11,0,0,0,0,1,0,0,0,0,0,0,0,0,0,0,0,0,0,0,0,0,1,0,0
"11816",1,12,2,0,0,0,0,1,0,0,0,0,5,11,13,0,0,0,0,0,0,0,0,0,0,0
"128098",1830,371,1380,1,1,43,57,27,6,0,2,6,55,81,138,1,1,1,0,165,75,0,1,12,1,7
"574226",2,0,0,0,0,0,0,0,0,0,0,0,0,0,0,0,0,0,0,1,0,0,0,0,1,0
"236179",33,115,190,0,0,2,8,1,0,0,3,1,3,3,2,0,0,0,0,0,0,2,0,0,2,2
"11451",106,219,232,0,0,1,0,0,0,0,7,1,72,80,82,3,0,0,0,0,0,0,1,0,1,1
"11441",70,329,6602,1,1,22,51,25,1,2,16,9,17,2,7,0,2,1,1,10,1,0,2,2,2,19
"383931",16,235,910,0,0,17,38,8,0,0,1,0,0,0,0,0,0,0,0,3,3,0,1,0,0,3
"257316",11,43,232,0,0,0,29,1,0,0,0,0,0,0,0,0,0,1,0,0,0,0,0,0,0,0
"24568",10,59,155,0,0,0,28,1,0,0,8,0,3,7,1,0,0,0,0,0,0,0,0,0,2,1
"242751",2,5,22,0,0,21,88,22,0,1,5,7,0,0,0,0,0,0,0,0,0,1,0,0,0,0
"242450",4,47,107,0,0,12,37,24,3,2,118,18,7,66,91,23,87,52,4,3,2,1,0,0,0,1
"546690",8,70,54,0,0,32,120,3,27,1,120,11,5,5,0,0,2,0,0,1,0,1,0,0,0,0
"207157",5,11,34,0,0,20,17,1,0,9,839,11,8,3,4,1,0,1,0,2,0,0,0,0,0,0
"269755",1,18,3,0,3,1,5,0,4,98,6428,39,3,3,9,8,32,16,3,0,0,0,1,1,0,4
"240200",5,7,18,0,6,0,5,2,19,127,10512,1232,25,15,29,585,1340,675,2,5,1,1,1,7,6,7
"398836",5,49,54,2,5,14,26,5,3,88,6436,449,18,29,29,142,785,381,3,2,0,0,0,1,0,6
"558949",1,8,225,0,0,0,0,0,1,4,84,0,0,0,1,0,0,0,0,0,0,0,1,0,0,0
"177797",8,93,147,0,0,34,63,29,1,0,162,30,40,45,57,0,0,0,0,2,3,0,0,1,1,0
"292764",57,255,88,0,0,66,82,12,1,7,425,50,3,8,3,5,21,18,1,1,0,0,1,0,0,0
"130665",1,6,48,0,0,1,1,0,1,0,56,0,0,0,2,1,3,0,0,0,0,0,0,0,0,1
"101628",0,1,8,0,0,1,0,0,1,0,7,0,0,0,0,0,0,0,0,1,0,0,0,0,0,0
"176072",1,6,40,0,0,1,3,2,0,0,8,0,3,1,2,0,1,0,1,1,0,1,1,0,0,1
"79881",0,26,59,0,0,5,13,4,0,0,33,0,1,1,6,0,0,0,0,0,0,0,0,1,0,0
"19936",1,2,2,0,0,56,17,7,0,0,141,17,3,1,0,0,0,0,0,0,0,0,0,0,0,1
"112266",10,28,27,0,0,0,0,0,0,0,4,0,1,0,0,0,0,0,1,1,0,0,0,0,0,0
"50557",0,31,3,0,0,1,1,2,0,0,4,1,2,9,7,2,2,1,0,0,0,0,0,0,1,0
"130238",1,14,2,0,0,1,2,0,0,3,206,1,1,2,3,0,1,0,0,0,0,0,0,0,0,0
"35440",11,68,23,0,0,63,108,29,0,1,120,17,3,5,2,0,0,0,0,3,1,0,0,0,1,0
"556066",18,196,187,1,4,48,244,65,7,91,5672,70,28,76,46,9,46,14,1,0,2,0,1,1,1,3
"29284",1,135,2,0,0,4,93,2,1,0,0,5,2,2,3,0,0,0,7,14,2,0,0,0,3,0
"145846",0,290,0,0,1,75,140,63,2,0,0,1,1,2,2,0,0,0,0,2,1,0,0,0,3,0
"239951",17,19,8,0,0,10,468,11,12,0,8,1,0,0,1,0,0,0,0,1,1,0,0,1,0,0
"255731",4,292,2,0,0,7,29,1,1,0,1,3,0,1,1,0,0,0,0,2,2,0,0,0,1,0
"236808",15,966,152,0,0,22,55,31,2,0,5,12,34,72,85,2,0,0,0,10,2,0,0,1,3,2
"40713",0,0,0,0,0,5,87,0,0,0,0,0,0,0,0,0,0,0,0,0,0,0,0,0,0,0
"529501",0,0,1,0,0,156,597,16,1,0,1,1,0,0,0,0,1,1,0,3,0,0,1,0,0,0
"12533",1,0,0,0,0,17,285,10,0,0,0,0,1,0,0,0,0,0,0,0,0,0,0,0,0,0
"12541",0,4,2,0,0,26,43,7,4,0,3,1,0,0,0,0,0,0,0,0,0,0,0,0,0,0
"369064",5,65,2,0,0,38,1331,36,159,8,5,3,0,2,0,0,0,1,1,3,0,0,0,0,2,0
"109814",1,21,0,0,0,9,12,6,78,3,3,1,1,0,0,0,0,0,4,6,2,0,0,0,0,0
"157133",0,0,1,0,0,16,51,8,76,1,0,0,0,0,1,0,0,2,0,5,1,0,0,0,0,2
"104526",1,44,3,0,0,7,7,1,1,0,0,1,0,0,0,0,0,0,20,12,1,0,0,0,0,0
"12321",2,72,395,0,0,12,50,54,0,1,13,4,1,1,1,1,2,0,0,1,1,0,0,0,1,0
"557925",0,0,3,0,0,0,0,0,0,0,0,0,0,0,0,0,0,0,0,0,0,0,0,0,0,0
"12340",2,8,10,0,0,35,7,14,0,0,1,0,2,0,0,1,0,0,0,3,1,0,0,0,0,0
"249637",6,79,47,0,0,10,42,21,4,4,61,108,11,10,12,20,83,55,2,6,1,0,0,0,0,0
"12343",2,63,94,0,0,39,43,31,0,0,2,1,4,33,51,0,1,1,0,3,1,0,0,0,0,0
"103561",2,2,7,0,1,30,14,4,4,0,0,0,3,0,0,0,1,1,2,1,0,0,0,0,0,0
"139651",11,27,75,0,0,12,74,32,0,0,23,4,0,7,13,11,42,32,0,13,1,0,0,1,1,0
"72525",0,1,0,0,0,1,0,0,0,0,0,1,0,0,0,0,0,0,0,0,0,0,0,0,0,0
"238919",0,0,4,0,0,3,0,0,0,0,0,0,0,0,0,0,0,0,0,1,0,0,0,0,0,0
"152486",1,4,13,0,0,1,0,0,0,0,0,0,0,0,0,0,0,0,1,2,1,0,0,0,0,1
"102216",0,0,6,0,0,0,0,0,0,0,0,0,0,0,0,0,0,0,0,0,0,0,0,0,0,0
"99714",14,4,2,0,0,1,1,0,0,0,6,0,1,1,1,1,1,1,0,2,3,0,0,0,0,0
"12592",0,0,0,0,0,37,0,1,1,0,0,0,0,0,0,0,0,0,0,0,0,0,0,0,0,0
"524457",0,1,3,0,1,32,12,6,167,6,3,0,3,0,0,0,0,1,0,0,1,0,0,1,1,0
"584347",32,7,4,22,13,11657,517,6478,8127,378,41,5,12,14,7,9,7,12,7,1,1,17,29,3,3,3
"470693",0,0,0,29,0,105,17,0,0,0,0,0,0,0,0,0,0,0,0,0,0,1,0,0,0,0
"131712",0,0,0,769,1,190,89,8,0,0,0,0,0,1,0,0,0,0,0,0,0,5,1,0,0,0
"266173",3,0,0,0,2,413,1037,19,0,1,2,0,0,0,0,0,0,4,0,3,0,0,1,0,0,0
"538876",1,1,2,0,0,37,15,18,1,1,1,4,0,0,0,0,0,1,0,2,0,0,0,0,0,0
"230376",2,2,0,0,1,298,4,7,51,0,2,0,0,0,0,0,2,3,0,4,0,0,0,0,0,0
"567669",13,56,74,1,1,616,4506,1700,32,11,39,22,4,10,10,17,64,75,6,24,16,1,0,0,2,1
"471141",9,28,17,20,23,16557,652,2912,109399,1684,841,32,90,37,83,11,38,191,22,34,14,24,21,48,45,18
"193899",1,1,2,0,0,584,6,7,3,0,1,0,0,0,0,0,0,0,0,0,0,0,0,0,0,0
"140877",0,0,0,0,0,6,18,14,0,0,0,0,0,0,0,0,0,0,0,1,0,0,0,0,0,0
"100937",2,8,0,2,2,3944,12250,576,18,14,12,3,8,3,2,0,10,8,0,3,1,2,2,3,0,3
"317982",0,0,0,0,0,1,0,0,0,0,0,0,0,0,0,0,0,0,0,0,0,0,0,0,0,0
"107764",0,37,13,0,0,14,56,17,1,0,1,1,0,2,3,0,0,0,0,1,0,0,0,1,0,0
"270098",209,1942,443,1,0,536,712,439,3,3,0,24,19,44,61,0,2,2,2,81,51,1,2,3,6,2
"272208",0,0,1,12,1,464,612,64,1,0,2,1,0,0,2,0,1,4,2,98,13,1,0,0,0,0
"470219",10,14,11,60,30,39331,42026,10597,143,82,52,36,23,28,11,4,23,18,9,18,16,21,16,13,6,17
"241543",4,196,13,0,0,317,791,59,3,1,0,62,1,3,3,1,12,0,1,29,19,0,0,0,1,2
"108829",2,0,0,0,0,0,0,0,0,0,0,0,0,0,0,0,0,0,0,0,0,0,0,0,0,0
"185640",143,15,42,0,0,3,30,0,0,0,0,0,0,2,0,0,0,0,0,20,12,0,0,1,0,1
"142287",15,30,87,0,0,1,102,13,0,0,0,1,2,2,3,0,0,0,0,24,2,0,0,4,0,0
"154902",1,1,3,0,0,97,5380,39,13,4,10,0,3,1,2,0,2,0,1,5,11,1,0,1,0,2
"100442",9,0,0,0,0,0,0,0,0,0,0,0,0,0,0,0,0,0,0,0,0,0,0,0,0,0
"20974",3,1,3,0,0,7,998,2,2,0,0,0,0,0,0,0,0,1,0,0,1,0,0,0,0,0
"13034",8550,6230,1485,2,2,138,2961,61,7,9,110,2884,2107,3790,3749,17,9,8,5,210,217,7,13,77,23,5
"12620",0,0,0,0,0,0,0,8,0,0,0,0,0,0,0,0,0,0,0,0,0,0,2,0,0,0
"86784",0,0,0,0,0,64,3,450,4,1,2,0,0,1,0,1,0,0,1,0,0,0,0,1,0,0
"72858",2,3,11,0,0,6,3,10,0,6,64,0,0,1,1,0,0,1,0,0,0,0,0,2,0,0
"326977",125,140,87,818,391,22,77,19,111,41,45,18,1253,26,23,7,45,34,186,20,1045,26763,128069,104181,78223,88654
"470460",0,0,0,0,0,4,1,1,0,0,0,0,0,0,0,0,0,0,0,0,0,0,0,1,0,0
"540449",0,0,0,0,0,0,0,0,0,0,0,0,0,1,0,0,0,0,0,0,0,0,0,0,0,0
"561904",0,0,0,0,0,0,0,0,0,0,0,0,0,0,1,0,0,0,0,0,0,0,0,0,0,0
"335847",0,0,0,0,0,0,0,0,0,0,0,0,20,82,41,0,0,0,0,0,0,0,0,0,0,0
"227609",0,0,1,0,0,0,0,0,0,0,2,0,46,98,63,0,0,0,0,0,0,0,0,0,0,0
"38741",521,50,135,1,0,789,42,1497,115,51,14,8,102,117,110,1,4,1,1,116,3,0,1,5,1,2
"519715",0,0,0,0,0,0,0,0,1,0,5,2,30,173,165,2,0,0,0,0,0,0,0,0,0,0
"326880",0,0,0,0,0,0,0,0,0,0,0,0,0,0,0,0,8,0,17,28,27,0,0,0,1,0
"212910",2,4,0,0,0,1,0,0,2,1,20,18,495,4196,4734,27,4,2,32,266,323,2,1,7,1,0
"101310",0,0,0,0,0,0,0,0,3,1,0,0,0,0,0,0,1,4,84,132,75,1,0,0,0,0
"251576",36,19,0,0,1,0,0,1,0,1,0,4,8,3,13,0,3,5,129,651,619,2,0,12,3,2
"550451",1,0,0,0,0,0,0,0,0,1,1,2,81,490,447,4,0,0,2,1,0,0,0,1,0,0
"4386",0,0,0,0,0,0,0,0,0,0,0,0,0,1,6,0,0,0,0,0,0,0,0,0,0,0
"584418",0,7,0,0,0,0,0,0,0,0,37,0,0,0,0,0,0,0,0,0,0,0,0,0,0,0
"249529",0,0,0,0,0,0,0,0,0,0,0,0,0,0,0,0,0,0,0,1,0,0,0,0,0,0
"129416",0,0,0,0,0,0,0,0,0,0,0,0,0,2,0,0,0,0,0,1,1,0,0,0,0,0
"192132",1,0,0,1396,14,5,0,8,1,2,2,2,3,0,0,0,0,0,0,0,1,5,314,1,0,1
"407754",0,0,0,0,57,0,0,0,0,0,1,0,0,0,0,0,0,0,0,0,0,0,0,0,0,0
"51535",55,8,3,3536,514,0,25,4,2,1,2,7,90,247,125,3,10,4,4,51,68,2,0,2,0,0
"23777",0,0,0,0,0,7,0,1,0,0,0,0,0,1,0,0,0,0,0,0,0,0,0,0,0,0
"407576",0,0,0,0,0,0,123,3,0,0,0,0,0,0,0,0,0,0,0,0,0,0,0,0,0,0
"74391",1,3,5,5,6,15084,484,2065,12335,1097,21,15,7,5,4,3,8,28,7,3,3,5,1,7,3,4
"110394",0,0,0,0,0,0,0,1,1,0,0,0,6,0,0,0,375,67,0,6,0,0,0,0,0,0
"591820",0,0,0,0,0,0,0,0,1,0,0,130,15,13,1,0,0,1,0,0,0,0,1,0,0,0
"64396",1258,218,340,27,50,36638,1449,15532,99446,6581,202,43,83,59,37,20,43,228,33,21,17,14,12,39,22,27
"332164",3047,471,889,2,0,49,2,3,22,1,0,1,2,0,2,2,30,25,1,0,0,1,0,10,1,5
"11302",0,0,0,0,0,5,0,0,0,0,0,13,5,1,0,0,9,2,0,0,0,0,0,0,0,0
"429439",5,0,0,0,0,0,0,0,0,0,0,0,0,0,0,0,0,0,0,0,0,0,0,0,0,0
"591314",4,0,0,0,0,0,0,0,0,0,0,0,0,0,0,0,0,0,0,0,0,0,0,0,0,0
"60702",5,0,0,1,0,745,0,0,19,12,1,0,0,1,0,0,1,1,0,0,0,1,1,0,0,0
"15828",0,0,0,0,0,26,0,0,0,0,0,0,0,0,0,0,0,0,0,0,0,0,0,0,0,0
"15703",1,0,0,0,0,0,0,0,0,0,0,0,0,0,0,0,0,0,0,0,0,0,0,0,0,0
"274442",0,0,0,0,0,0,1,0,0,0,0,0,1,0,0,4,103,11,0,0,0,0,0,0,0,0
"287510",49,18,10,1,2,29,0,1,4,4,2,0,35,6,4,2,8,1,26,3,83,23,3,14747,8716,13640
"129426",0,0,0,0,0,19,1,0,2,0,0,0,0,0,0,0,0,0,0,0,0,0,0,0,0,0
"191700",0,0,0,48,1,0,0,0,0,0,0,0,4,0,0,0,0,0,0,0,3,132,663,6,4,1
"470139",44,33,43,4574,1418,18,21,7,14,3,3,4,75,9,6,4,4,5,51,1,170,681,68,26708,14320,21134
"381629",3,0,0,0,0,3,0,0,0,0,0,0,0,0,0,0,0,0,0,0,0,0,0,0,0,0
"259270",21,1,1,0,0,0,0,0,0,0,0,0,0,0,0,0,0,0,0,0,0,0,0,0,0,0
"19191",0,1,0,5,1,722,48,29,548,15,1,1,0,0,0,0,0,0,0,0,0,5,0,4,5,6
"470522",5,11,4,378,51,1,1,3,2,3,0,0,18,1,0,0,3,1,14,2,36,180,232,4972,2641,4323
"77904",0,0,0,0,0,0,0,0,0,0,0,0,0,0,0,0,0,0,0,0,0,0,0,0,0,1
"588461",0,0,0,0,0,0,0,0,0,0,0,0,3,2,4,0,0,0,0,0,0,0,0,0,0,0
"293999",167,31,96,0,2,0,0,0,0,0,0,0,0,1,0,0,0,0,0,0,0,0,0,1,0,1
"242305",0,0,0,0,0,0,0,0,0,0,0,0,9,0,3,0,0,0,0,0,0,0,0,0,0,0
"99344",0,0,0,0,0,0,0,0,0,0,0,0,1,0,0,0,0,0,0,0,0,0,0,0,0,0
"565556",40,224,14575,2,4,6,15,0,4,1,3,16,1689,80,5,2,15,5,10,2,1,2,13,10,5,64
"82269",0,0,0,0,0,0,0,0,0,0,0,0,2,1,0,0,0,0,0,0,0,0,0,0,0,0
"143213",0,0,0,0,0,0,0,0,0,0,0,0,3,0,6,0,0,0,0,0,0,0,0,0,0,0
"3232",0,1,14,0,0,0,0,0,0,0,0,0,0,0,0,0,0,0,0,0,0,0,0,0,0,0
"221509",1,0,0,0,1,0,0,0,2,0,2,0,320,236,101,0,1,0,0,0,0,0,1,3,0,0
"268560",0,0,0,0,0,0,0,0,0,0,0,0,0,0,0,0,0,1,2,0,0,0,0,0,0,0
"3112",0,0,6,0,0,0,0,1,10,173,20714,5,9,13,20,1,0,3,5,1,0,0,1,2,1,13
"149457",0,0,0,0,0,0,0,0,0,0,0,4,0,0,0,0,0,0,0,0,0,0,0,0,0,0
"308876",0,0,0,0,0,0,0,0,1,0,0,0,0,4,0,155,2,147,0,0,0,0,0,2,0,0
"271091",0,0,0,0,0,0,0,0,0,0,1,0,2,0,0,0,0,0,0,0,0,0,0,0,0,0
"93641",0,0,0,0,0,0,0,0,0,0,3,1,7,4,4,0,0,0,0,0,0,0,0,0,0,0
"71326",0,0,60,0,0,1,46,1,0,0,2,0,7,2,0,0,0,0,0,0,0,0,0,0,0,0
"206639",1,0,0,0,0,0,0,0,0,0,0,0,64,1,1,0,0,0,0,0,0,0,0,0,0,0
"551186",0,6,323,0,0,0,0,2,0,0,1,1,8,2,0,0,0,0,0,0,0,0,0,0,0,1
"239727",0,0,11,0,0,0,0,0,0,0,2,0,16,1,0,0,0,0,0,0,0,0,0,0,0,0
"587919",0,0,0,0,0,0,0,0,0,0,0,1,0,0,0,0,0,0,0,0,0,0,0,0,0,0
"81294",0,2,14,0,0,4,3,0,0,1,32,0,1,13,5,0,0,0,0,0,0,0,0,0,0,1
"45521",0,0,0,0,0,0,0,0,0,0,8,0,0,0,0,0,0,0,0,0,0,0,0,0,0,0
"247816",0,0,0,0,0,0,0,0,0,0,2,0,0,3,0,0,0,0,0,0,0,0,0,0,0,0
"279599",24,23,392,30,119,26,29,67,532,8719,914391,967,130,136,1030,113,114,126,305,75,19,52,46,89,77,402
"107995",0,0,0,0,0,0,0,1,0,1,37,15,6,32,29,0,0,0,0,0,0,0,0,0,0,0
"592912",0,4,3,0,5,0,1,1,8,35,1614,1,0,1,10,4,0,1,0,1,0,1,1,0,0,0
"178178",0,0,3,0,0,0,0,0,0,0,1,1,1,5,13,0,0,0,0,0,1,0,0,0,0,0
"169488",0,0,0,0,0,0,1,0,1,0,19,0,1,0,1,0,0,0,0,0,0,0,0,0,0,0
"549739",0,0,1,0,0,0,0,7,0,0,1,3,170,94,60,2,9,3,1,0,0,1,0,0,0,0
"161174",0,0,0,0,0,0,0,0,0,0,0,0,1,0,0,0,0,0,2,0,0,0,0,0,0,0
"557211",16,17,15,18,27,13,21,28,678,96,801,47583,3667,6219,2309,90934,4072,75245,156,31,30,42,46,165,43,55
"511714",0,0,0,0,0,0,0,0,0,0,0,1,0,0,0,0,0,0,0,0,0,0,0,0,0,0
"62920",0,0,3,0,0,0,0,0,0,0,0,0,30,5,0,0,0,0,0,0,0,0,0,0,0,0
"190926",0,19,3,0,4,5,1,2,17,154,15452,88,228,431,153,8,4,3,5,2,2,1,2,3,1,7
"49735",18,4,7,0,0,0,0,0,0,0,0,0,0,0,0,0,0,0,0,0,0,0,0,0,0,0
"110074",0,0,0,0,0,0,0,0,1,0,0,2,10,87,106,0,0,0,0,0,0,0,0,0,0,0
"142290",0,0,0,0,0,0,0,0,3,0,0,0,8,6,2,35,124,7,134,189,182,0,0,0,0,1
"156514",0,0,0,0,0,0,0,0,0,0,0,0,2,0,0,1,157,4,4,11,27,0,0,0,0,0
"11193",0,0,0,0,0,0,0,0,0,0,0,0,1,1,1,0,19,0,0,0,0,0,0,0,0,0
"162077",39,13,4,1436,16,4311,173,3257,31719,728,136,10,32,17,13,5,15,60,3,7,6,17,8,10,11,7
"279090",10,0,0,0,0,4,2,4,0,0,2,2,3,1,0,28,305,27,1,5,1,0,0,0,0,0
"550922",4,0,1,0,2,1,1,3,2,2,0,0,5,3,2,2,11,5,493,3689,9037,27,3,61,4,1
"6678",4,0,0,1,2,4,10239,700,25,15,8,2,3,5,3,0,8,4,2,1,0,0,3,5,3,0
"63992",0,0,0,0,0,0,10,0,0,0,0,0,0,0,0,0,0,0,0,0,0,0,0,0,0,0
"563047",0,2,7,1,4,7879,52,1220,303,7,6,1,1,0,2,0,1,2,1,0,0,2,0,2,1,2
"235852",2,17,4,0,1,1,4,0,0,0,9,0,6,11,16,0,1,1,0,1,0,0,0,0,0,0
"166835",26346,9003,143,8,7,15,392,29,21,2,45,465,72,93,67,37,8,102,1,7,15,6,5,177,29,5
"7185",3,10,9,0,1,0,95,0,1,1,19,1,91,118,109,28,42,0,0,0,0,0,0,2,0,0
"445073",283,124,115,13,74,1,62,1,1,3,32,23,54,83,84,8,13,0,0,0,0,3,1,3,0,0
"149330",0,5,6,0,0,3,65,18,0,0,46,7,2,1,0,0,101,7,0,1,1,0,0,0,0,0
"346019",11,5,11,0,0,0,1,0,0,5,259,35,4,0,1,1,66,2,0,0,0,0,0,0,0,0
"341757",9,2,1,0,0,5,53,2,0,0,83,9,4,0,3,0,18,2,0,1,0,0,0,0,0,0
"6825",0,0,0,0,0,0,0,0,0,0,1,0,0,0,0,0,0,0,0,0,0,0,0,0,0,0
"102566",0,0,0,0,0,0,0,0,0,0,1,0,0,0,0,0,0,0,0,0,0,0,0,0,0,0
"149152",0,0,1,0,0,0,1,0,0,0,1,0,0,0,0,0,0,0,0,0,0,0,0,0,0,0
"6370",33,124,11,0,0,0,0,0,1,1,82,60,68,172,102,2,4,2,0,1,0,0,0,0,0,0
"550256",0,0,0,0,0,0,0,0,0,0,0,2,0,0,0,0,0,0,0,0,0,0,0,0,0,0
"519627",0,1,0,0,0,0,0,0,0,0,0,2,156,302,313,0,1,0,0,0,0,0,1,1,0,0
"262569",0,0,0,0,0,0,0,0,0,0,0,0,1,0,0,0,0,0,0,0,0,0,0,0,0,0
"181735",0,4,0,0,0,0,0,0,0,0,0,2,1,0,2,0,0,0,0,0,0,0,0,0,1,0
"470243",1,0,0,0,0,150,2,197,52,6,2,2,2,2,0,0,0,0,0,0,0,0,0,0,0,0
"63985",0,0,0,0,0,4,0,2,105,2,0,0,0,0,0,0,0,0,0,0,0,0,0,0,0,0
"360229",16,27,12,35,29,24837,257,3498,546482,2074,117,149,178,88,35,18,87,803,41,31,24,41,33,91,44,49
"56599",0,0,1,0,0,181,31,115,31,4,1,1,0,1,0,0,0,0,0,0,0,0,0,0,0,0
"536311",14,15,16,13,11,5748,238,3882,190460,1104,100,57,103,44,25,5,40,373,15,13,12,30,18,37,21,26
"92167",0,0,3,1,0,410,1,1,206,18,2,0,1,3,0,0,0,4,0,0,0,0,0,0,0,1
"55486",0,0,0,0,0,2,0,0,0,0,0,0,0,0,0,0,0,0,0,0,0,0,0,0,0,0
"104316",0,0,0,0,0,1,0,10,2,27,0,0,0,0,0,0,0,0,0,0,0,0,0,0,0,0
"544854",0,0,0,0,0,0,0,0,1,0,0,1,0,0,0,0,0,0,0,0,0,0,0,0,0,0
"243539",0,2,12,0,0,0,0,0,0,0,0,0,0,0,0,0,0,0,0,0,0,0,0,0,0,0
"144420",14,6,0,0,0,0,0,0,0,0,0,0,2,4,1,0,0,0,0,0,0,0,0,0,0,0
"534652",0,0,0,0,0,0,0,0,0,0,0,9,0,0,2,0,0,0,0,0,0,0,0,0,0,0
"302050",0,0,0,0,0,0,0,0,0,0,5,17,10,3,1,0,0,0,0,0,0,0,0,0,0,0
"114612",39,242,26,30,7,290,138,75,45,31,137,6068,8241,23863,21743,1361,717,252,5,8,9,5,24,46,10,6
"529406",0,0,0,1,0,0,12,0,2,0,1,4,3,5,1,0,0,0,0,0,1,0,1,0,0,0
"156646",0,0,0,0,0,0,0,0,1,2,1,1,1,2,1,0,0,2,0,0,1,0,0,2,0,0
"108436",0,12,0,0,0,71,78,0,0,0,0,0,0,2,1,0,1,0,0,0,0,0,0,0,0,0
"6540",121,19,227,0,0,0,0,0,1,0,2,2,3,26,20,1,2,0,3,4,3,0,0,0,0,1
"141903",21,7,0,0,0,9,16,13,0,4,18,1,5,9,20,2,3,2,11,7,21,0,0,0,0,0
"528137",15,43,2,1,0,2,4,12,0,2,29,16,67,176,239,0,43,2,0,0,3,0,0,1,0,0
"567753",302,710,626,1,5,16,89,61,10,12,595,270,623,2196,2986,24,13,47,34,283,152,1,1,11,7,1
"35148",0,0,0,0,0,0,0,0,0,0,3,0,0,0,0,0,0,0,0,0,0,0,0,0,0,0
"586984",56,158,11,2,0,3,35,3,2,9,146,714,195,256,327,11,4,5,0,2,0,0,1,1,2,0
"165690",0,1,3,0,0,0,193,3,1,0,0,0,2,1,4,0,0,1,0,0,0,0,0,0,0,0
"540537",3,25,2,0,0,3,7,0,1,0,2,3,12,35,22,0,0,6,0,0,0,0,0,1,1,0
"6697",0,0,0,0,0,0,0,0,0,0,2,0,1,1,4,0,0,0,0,0,0,0,0,0,0,0
"153255",10,147,1,0,0,1,43,3,2,1,39,13,345,562,759,10,5,3,0,0,2,0,3,2,0,0
"42580",5,38,3,3,2,27,5,6,4,0,19,24,159,635,427,11,4,2,2,0,2,1,2,2,0,0
"139914",0,4,0,0,0,0,0,0,0,0,18,3,11,32,31,0,0,0,0,0,0,0,0,0,0,0
"562528",1,1,0,0,0,0,2,0,1,0,0,1,22,103,78,1,0,0,0,10,2,0,0,0,0,0
"591499",249,760,4,1,2,5,32,1,2,0,33,4,61,75,104,1,0,1,1,17,0,1,0,0,2,0
"181996",12,18,1,0,0,1,1,0,0,1,22,3,171,476,220,4,0,0,0,0,0,0,0,1,0,1
"7344",0,4,9,0,0,0,0,0,0,0,1,0,0,0,0,0,0,0,0,0,0,0,0,0,0,0
"563357",28,14,25,1,0,2,2,0,1,5,161,6,85,214,165,0,1,0,1,1,0,0,0,1,0,0
"102382",711,3972,6371,0,1,583,1612,276,6,6,21,438,14,30,20,1,1,5,4,5,1,1,1,9,21,16
"313175",74,965,759,0,0,344,773,92,2,0,32,179,6,4,7,0,1,0,1,2,2,0,0,8,15,7
"324539",20,68,23,4,4,0,8,2,38,275,21807,29188,271,76,182,4,43,7,4,2,5,8,3,14,3,13
"73191",73,544,52,1,2,5,77,1,9,16,1321,38,1091,2314,2031,225,596,158,1,4,2,0,5,4,4,1
"349239",8,5,1,0,0,2,8,0,3,0,1,1,4,15,5,457,12,355,1,0,1,0,0,0,1,0
"64871",719,1521,99,1,2,49,6067,168,19,77,4966,119,111,515,227,8,121,13,3,2,0,0,3,7,6,6
"374294",50,373,5,1,0,16,77,6,1,0,10,1,23,40,44,1,0,0,0,0,1,0,0,0,2,0
"245117",0,1,0,0,0,0,1,0,1,0,0,8,5,8,19,0,0,0,0,0,0,0,0,0,0,0
"119723",36,12,0,0,0,0,6,0,1,4,101,62,143,416,380,4,3,0,0,0,0,0,0,5,1,0
"142675",1,0,1,0,0,0,4,0,0,1,4,2,0,0,0,0,0,0,0,0,0,0,0,0,0,0
"141709",564,1596,191,30,17,612,3849,167,51,296,29059,2867,5737,8606,9844,87,319,43,16,13,6,2,24,40,12,16
"83899",3,30,0,0,0,0,8,0,0,5,53,11,8,24,26,1,1,0,0,0,0,0,0,1,0,0
"391129",14,25,4,0,0,3,2,2,0,0,1,1,0,0,0,0,0,0,0,0,0,0,0,0,0,0
"521030",0,0,0,0,0,0,0,0,0,1,67,0,0,5,7,0,0,0,0,0,0,0,0,0,0,0
"553047",0,0,0,0,0,0,4,0,0,0,9,4,1,2,1,0,0,0,0,0,0,0,0,0,0,0
"576010",4,22,2,0,1,7,1422,67,0,6,225,32,38,48,34,0,15,5,2,0,0,1,0,0,1,1
"105081",0,4,3,0,0,7,14,10,0,0,17,0,3,6,6,0,0,0,0,0,0,0,0,2,0,0
"410688",440,308,1472,0,0,83,410,90,3,9,214,2903,37,52,48,1,49,5,3,7,0,0,3,6,4,3
"269558",134,825,824,0,3,3,14,5,1,3,75,14,23,52,17,1,1,0,0,0,1,0,0,4,8,4
"582407",30,81,21,2,6,1,142,6,61,408,31079,13575,432,983,955,10,14,9,13,4,3,2,2,13,5,16
"368509",70,650,27,0,0,15,303,0,6,5,320,1661,298,641,364,3,1,2,0,0,1,1,3,1,1,3
"162964",41,374,17,1,0,42,381,4,12,69,5675,1743,416,596,532,5,2,4,5,0,1,1,4,4,4,5
"142773",36,328,1,0,0,93,148,40,4,11,564,8236,134,65,106,1,4,3,0,3,1,1,2,4,3,0
"6997",1,1,0,0,0,1,2,0,0,0,1,5,5,5,17,0,1,1,0,0,0,0,0,0,0,0
"584580",5,6,2,0,0,1,38,2,3,45,3715,52,47,62,47,12,12,1,1,0,0,0,1,2,1,0
"552264",0,0,0,0,0,0,0,0,0,0,3,0,0,0,0,0,0,0,0,0,0,0,0,0,0,0
"280799",3,6,5,0,0,23,677,20,2,0,37,19,24,45,55,2,7,0,0,1,1,0,0,0,0,0
"101552",25,487,297,0,0,19,1084,118,10,6,378,498,170,437,380,243,1993,104,3,1,0,0,1,1,0,1
"37911",6,2,30,0,0,0,0,0,1,1,3,1,11,68,34,1,0,0,0,0,0,0,0,0,1,0
"263929",95,177,12,4,0,3,116,1,2,29,1561,118,163,475,429,10,1,1,0,0,1,0,1,1,2,0
"110215",12,9,3,0,0,0,4,1,0,0,27,2,31,412,177,1,0,0,0,0,0,0,0,0,0,0
"7173",3,0,0,0,0,1,19,0,2,5,373,115,66,93,115,1,2,0,0,0,0,0,1,0,0,0
"277679",525,1155,1,1,0,26,69,15,1,1,84,117,36,88,73,2,5,3,0,1,0,0,0,7,3,0
"51718",3,1,2,0,0,0,19,1,0,0,21,6,18,20,9,0,2,0,0,0,1,0,0,0,1,0
"107880",103,807,83,1,0,2,17,2,5,40,3584,40,763,1613,1437,15,4,3,1,0,3,0,4,4,5,0
"587796",46,55,16,0,0,0,1,1,0,11,791,39,85,197,206,0,0,0,0,0,1,1,0,0,0,1
"200741",1985,8218,2029,8,8,64,269,24,32,44,2407,1568,12527,18212,14823,90,40,26,3,15,9,10,29,103,48,20
"159681",0,1,0,0,0,0,0,0,0,0,0,0,0,0,0,0,0,0,0,0,0,0,0,0,0,0
"208255",6,147,367,2,1,0,3194,15,5,6,371,986,71,141,143,1,15,0,0,3,4,4,0,1,0,0
"139162",4,17,1,0,1,0,2,0,1,1,10,1,4,16,9,23,7,190,0,0,1,0,0,0,0,1
"366048",2,0,0,0,0,2,0,0,0,0,0,0,0,0,0,0,0,1,0,0,0,0,0,0,0,0
"149350",0,0,0,0,0,0,0,0,0,0,0,0,0,1,0,0,0,0,0,0,0,0,0,0,0,0
"65940",0,0,0,1,0,1314,16,391,26,0,3,0,0,0,0,0,0,0,0,0,1,0,0,1,0,1
"19288",1,0,0,0,0,0,0,0,0,0,0,0,0,0,1,0,0,0,0,0,3,0,0,0,0,0
"38578",0,0,0,1,0,1,1,0,0,0,2,0,0,0,0,0,0,0,1,5,1,0,0,5,3,3
"173632",0,0,2,0,0,41,89,2,3,7,358,39,3,2,3,0,7,5,15,18,15,1,0,28,13,19
"109054",10,0,0,0,0,9,1,0,4,0,1,0,6,1,2,9,98,5,0,3,0,0,0,5,3,0
"8882",0,1,1,1,0,0,0,10,3,0,2,0,23,84,31,2505,1365,28,1,11,17,2,1,7,1,2
"357417",1,0,0,0,1,0,6,0,15,1,1,0,38,9,1,108,7521,594,3,10,2,1,1,7,4,7
"140832",1,0,0,0,0,1,1,0,0,0,0,0,11,4,1,55,1130,34,3,5,0,0,0,8,1,2
"140761",1,0,0,0,0,29,0,13,4,0,0,0,2,12,2,272,446,478,11,33,38,0,0,2,2,0
"160023",1,2,0,0,1,0,1,0,2,1,6,3,74,655,638,21,999,47,13,68,41,0,1,0,0,0
"259571",0,0,0,0,0,0,0,0,0,0,0,0,0,0,0,1,0,0,0,0,0,0,0,0,0,0
"144284",0,0,0,0,0,0,0,0,0,0,0,0,0,0,0,3,4,1,0,2,0,0,0,0,0,0
"359602",0,0,0,0,0,0,0,0,0,0,0,0,0,0,0,0,0,0,0,0,0,0,0,0,0,0
"268501",0,0,0,0,0,0,0,0,2,0,0,0,24,20,15,2,1241,13,62,215,104,0,0,1,0,2
"146764",0,0,0,0,0,0,0,0,1,1,1,0,15,7,9,11,1099,108,2,8,1,0,0,0,1,0
"334678",0,0,0,0,0,0,0,0,0,0,0,0,1,2,0,10,212,6,0,1,0,0,0,0,0,0
"549366",0,1,0,0,1,9,149,1,6,2,2,3,32,8,3,247,4191,680,137,515,11,0,0,1,0,4
"160207",0,0,0,0,0,712,46,0,0,0,0,1,5,4,3,43,294,43,1,41,3,0,0,0,1,0
"9142",0,0,0,0,0,0,2,0,0,0,0,0,1,0,0,0,21,6,0,6,0,0,0,1,1,0
"45389",0,0,0,0,0,2,0,0,0,0,0,0,1,0,0,6,159,10,0,0,0,0,0,0,0,0
"149694",0,0,0,0,0,0,0,0,0,0,0,0,0,1,0,17,25,35,0,0,0,0,1,0,0,1
"151850",3,3,0,0,0,2,9,20,3,0,3,4,12,20,13,7,258,22,1,15,4,0,1,2,1,0
"128057",0,0,0,0,0,0,0,0,0,0,0,0,1,1,0,2,138,3,0,0,0,0,0,0,0,0
"571322",0,0,0,0,0,0,0,0,0,0,0,0,1,0,0,0,0,0,0,0,0,0,0,0,0,0
"543247",0,0,0,0,0,0,0,0,0,0,0,0,0,0,0,0,0,0,0,1,0,0,0,2,1,1
"104600",0,0,0,0,0,0,0,0,0,0,0,0,0,0,0,0,6,1,0,0,0,0,0,0,0,0
"168069",1,3,0,1,1,1,164,11,1,1,222,33,22,6,1,0,64,2,2,1,3,2,1,137,89,89
"9458",0,0,0,0,0,0,0,0,1,0,0,0,0,0,0,0,1,1,0,0,0,0,0,0,0,2
"9514",14,30,9,62,15,20210,578,2997,141481,2660,486,36,83,45,46,9,30,228,10,19,10,23,8,31,41,22
"471414",0,0,0,0,0,0,0,0,0,0,0,0,0,0,0,0,0,0,0,0,0,0,0,0,0,0
"286210",0,0,0,0,0,21,27,5,2,1,0,0,0,0,1,0,0,0,0,0,0,0,0,0,0,0
"9551",0,0,0,0,0,3,0,0,8,0,2,0,0,0,0,0,2,0,0,0,0,0,0,0,0,0
"9608",0,0,0,0,0,5,4,3,0,0,0,0,0,0,0,0,0,0,0,0,0,0,0,0,0,0
"86210",0,0,0,0,0,3,0,2,24,0,1,0,0,0,0,0,0,0,0,0,0,0,0,0,1,2
"558276",0,0,0,0,0,236,6,46,692,11,1,0,0,0,0,0,1,3,0,1,0,0,0,0,0,0
"91545",0,0,0,0,0,1,2,0,1,0,0,0,0,0,0,0,0,0,0,0,0,0,0,0,0,0
"94166",38,74,35,179,69,40060,1069,6621,397093,7435,1926,121,376,137,176,53,134,714,40,72,46,82,47,138,127,66
"17538",0,2,0,0,0,3398,54,659,279,4,1,7,0,0,0,0,0,1,0,1,0,0,0,1,1,1
"166053",0,0,0,0,0,0,0,0,3,0,0,0,0,0,0,0,0,0,0,0,0,0,0,0,0,0
"82772",27,47,34,3,3,9,7,4,45,7,9,3,100,13,7,7,50,29,65,19,233,39,20,27145,19888,23745
"550960",185,253,162,14,32,15,7,5,118,55,41,31,544,54,33,11,86,65,326,17,1123,167,72,141771,114624,124394
"236788",55,48,30,8,9,5,0,1,20,6,11,8,102,13,7,0,18,22,77,4,245,39,15,30920,25823,28811
"431764",0,0,0,0,0,2,0,0,1,0,0,0,0,0,0,0,0,0,0,0,0,0,0,0,0,0
"108266",0,0,0,0,0,5,0,0,0,0,0,0,0,0,0,0,0,0,0,0,0,0,0,0,0,0
"9985",0,0,0,0,0,0,0,0,0,0,0,0,0,0,0,0,0,0,0,1,0,0,0,2,1,0
"308102",0,0,0,0,0,698,60,55,0,0,0,0,0,0,0,0,0,0,1,2,1,0,0,0,0,2
"201763",10,7,0,0,0,0,0,0,0,0,0,0,0,0,0,0,3,6,2,34,3,0,0,0,0,0
"167440",0,2,0,0,0,2,2,0,0,0,0,1,3,1,3,0,0,10,0,0,0,0,0,2,0,2
"46931",1,0,0,0,0,0,1,0,1,0,0,2,0,0,0,0,0,1,0,0,0,0,0,8,5,6
"73843",0,0,0,0,0,0,0,0,0,0,0,0,0,0,0,0,0,1,0,0,2,0,0,34,28,26
"10189",41,60,15,33,62,169,452,36,4,2,3,11,33,4,2,8,214,642,2,8,2,18,549,77,48,52
"511415",0,0,0,0,0,4,0,0,0,0,0,0,1,0,0,1,2,1,0,1,1,0,0,55,37,53
"274754",0,23,0,0,0,16,84,32,0,0,0,1,2,1,0,0,0,2,0,0,0,0,0,1,2,2
"190023",0,1,0,0,0,0,1,0,0,0,0,0,0,0,0,0,0,0,0,0,0,0,0,0,0,1
"255774",0,2,0,0,0,3,11,2,1,0,0,0,1,0,1,0,0,0,0,0,0,1,0,3,3,3
"242005",0,0,0,0,0,0,1,0,0,1,0,0,0,0,0,0,0,0,0,0,0,0,0,36,34,41
"569973",0,1,0,0,0,0,1,0,0,0,0,0,0,0,0,0,1,0,0,1,0,0,0,0,0,1
"295395",1,1,0,0,1,1,1,0,1,0,0,0,3,1,0,1,4,3,1,0,0,1,1,26,18,29
"77675",0,0,0,0,0,0,0,0,0,0,0,0,0,0,0,0,0,0,1,0,0,0,0,2,3,2
"123510",0,0,0,0,0,1,0,1,0,0,0,0,0,0,0,0,0,0,0,0,0,0,0,7,8,10
"65355",0,0,0,0,0,0,1,0,0,0,0,0,0,0,0,0,0,0,0,0,0,0,0,0,0,1
"335722",0,0,0,0,0,0,0,0,0,0,0,0,0,0,0,0,0,0,0,0,0,0,0,1,1,2
"72374",0,1,1,0,0,0,1,15,0,0,0,0,2,0,0,0,1,0,0,0,0,0,0,12,15,23
"592346",17,28,3,8,1,205,333,333,5,3,2,19,17,5,1,3,41,52,5,2,32,4,4,5658,4758,5798
"167950",0,0,0,0,0,3,9,3,1,0,0,0,1,0,0,0,1,0,0,0,2,0,0,81,96,87
"557905",15,73,17,1,2,504,156,104,10,3,7,114,40,7,4,0,13,5,26,4,57,10,2,6727,4814,6292
"9812",5,21,3,1,1,94,275,29,10,4,5,31,17,3,6,1,11,6,9,2,79,21,5,9890,8433,9806
"204864",14,11,16,1,3,1,0,0,6,3,3,1,32,3,2,1,5,2,18,1,29,4,3,4111,3307,3926
"94459",0,0,0,0,0,0,0,0,0,0,0,0,0,0,0,0,1,1,0,0,0,0,0,13,4,12
"164152",4,2,1,1,1,0,0,0,8,2,0,0,5,0,2,0,5,2,5,1,17,2,2,1771,1324,1513
"85254",0,0,0,0,0,0,4,1,0,0,0,0,0,0,0,0,0,0,0,0,0,0,0,12,13,7
"10203",0,0,0,0,0,0,0,0,0,0,0,0,0,0,0,0,0,0,0,0,0,0,0,0,1,0
"9356",43,8,5,0,0,0,0,0,0,0,0,1,0,0,0,0,0,0,0,0,0,0,0,0,0,0
"526810",0,0,0,0,0,0,0,0,0,0,0,1,0,0,0,0,0,0,0,0,0,0,0,0,0,1
"277352",0,4,1,0,1,382,1541,179,34,3,1,1,17,4,1,0,1495,1880,2,3,0,0,0,1,0,2
"8249",14,44,0,1,0,352,397,179,0,0,1,0,2,5,2,1,4,15,4,445,80,1,0,0,1,0
"278666",9,451,0,0,0,68,146,8,0,2,6,66,6,14,9,0,3,1,13,93,32,0,0,3,3,1
"346926",3496,1039,1180,3,6,2624,28420,4430,105,30,96,192,39,37,16,8,1311,478,14,51,13,8,2,79,54,47
"101769",0,0,0,0,0,0,0,0,0,0,0,0,0,1,0,30,1,0,0,0,0,0,0,0,0,0
"140764",3,2,1,0,0,2,86,0,18,3,27,1,4,5,5,3,20,1659,3,15,4,1,0,0,0,0
"129923",0,0,0,0,0,3,0,0,0,0,0,0,0,0,0,0,0,0,0,1,0,0,0,0,0,0
"277216",0,0,0,0,0,0,0,0,0,0,0,0,0,0,0,0,0,10,0,0,0,0,0,0,0,0
"8112",0,0,0,0,0,0,0,0,0,0,0,0,0,0,0,0,0,0,0,0,0,0,0,0,0,1
"323845",19,10,20,25,19,16,19,21,1636,160,79,43,575,1121,293,35483,48292,183197,353,68,27,49,21,88,34,39
"235822",0,0,0,0,0,0,0,0,0,0,0,0,0,0,0,2,0,0,0,0,0,0,0,0,0,0
"25508",0,0,0,0,0,0,0,0,2,1,0,0,2,6,6,225,11,2,5,8,6,0,0,1,0,0
"350845",5,0,0,0,1,0,1,1,8,2,2,1,28,56,42,898,808,256,368,1233,604,5,2,38,19,25
"257504",0,0,0,0,0,0,0,1,0,0,0,0,1,1,1,0,2,2,25,217,35,0,0,0,0,0
"310378",2,7,1,0,0,2,0,0,1,0,1,0,5,8,7,22,116,110,36,594,643,1,0,6,1,2
"105318",0,0,0,0,0,0,0,1,0,0,0,0,0,0,1,5,37,5,60,97,7,0,0,0,0,0
"246885",0,0,0,0,0,0,0,0,0,0,0,0,1,0,0,5,11,2,3,17,5,0,0,0,0,0
"96014",3,4,2,5,1,0,8,1,79,9,10,0,295,61,18,1002,40011,6559,10,16,10,3,3,25,7,7
"255044",0,0,0,0,0,1,1,1,6,1,3,1,7,10,2,375,275,431,8,702,557,2,0,4,0,0
"46393",50,367,5,0,0,16,26,8,0,0,0,4,1,1,13,0,3,0,0,0,0,0,0,0,1,0
"24308",0,0,0,0,0,0,1,0,0,0,0,0,1,1,1,0,63,7,14,7,1,0,0,0,1,0
"153124",0,0,0,0,0,0,0,0,0,0,0,0,0,0,0,0,29,0,0,2,0,0,0,0,0,0
"141875",0,0,0,0,0,0,0,0,1,0,0,0,0,2,1,1,32,15,14,89,34,0,0,2,0,0
"569907",0,0,0,0,0,0,0,0,0,0,0,0,0,0,0,0,4,3,0,1,0,0,0,0,0,0
"198202",0,0,1,0,0,0,0,0,1,0,0,0,0,0,0,0,112,18,18,19,2,0,0,0,0,1
"165894",0,0,0,0,0,0,0,0,11,0,0,0,2,0,0,5,91,14,5,188,74,0,0,0,1,0
"190729",0,0,0,0,0,0,0,0,15,1,0,0,1,1,0,4,20,3,6,17,13,0,0,1,0,0
"532913",5,4,3,3,3,1,6,4,62,11,9,9,125,194,45,5136,10895,3670,503,2138,308,4,5,13,8,7
"107320",0,1,0,0,0,0,0,0,0,1,0,0,1,0,0,1,7,4,96,119,2,0,0,0,1,0
"329714",0,0,0,0,0,0,0,0,0,0,0,0,0,0,0,0,0,0,0,1,0,0,0,0,0,0
"70494",0,0,0,0,0,0,0,0,0,0,0,0,3,2,0,113,124,37,0,0,0,1,0,0,0,0
"244721",0,0,0,0,0,0,0,0,0,0,0,0,0,0,0,0,2,59,0,0,0,0,0,0,0,0
"8201",0,0,0,0,0,0,0,1,0,0,0,1,1,8,4,348,0,1,0,65,1,0,0,0,0,0
"103719",3,6,0,0,0,23,14,6,0,0,1,2,4,2,1,9,309,26,16,119,44,0,0,1,0,0
"102362",0,0,0,0,0,0,0,0,0,0,1,0,0,1,0,0,1,2,1,6,2,0,0,0,0,0
"546823",0,0,0,0,0,0,0,0,1,0,0,0,2,3,4,4,71,4,33,237,321,0,0,2,0,0
"243296",0,0,0,0,0,0,0,0,1,1,1,0,7,14,14,1,36,34,38,383,22,0,0,0,0,0
"8190",0,0,0,0,0,0,0,0,0,0,0,0,3,0,1,2,83,3,4,4,5,0,0,0,0,0
"8178",0,0,0,0,0,0,0,0,0,0,0,0,0,0,1,1,0,0,1,6,0,0,0,0,0,0
"166304",0,0,0,0,0,0,0,0,1,0,1,0,1,4,4,16,8,4,2,4,2,0,0,0,0,0
"87158",0,0,0,0,0,0,0,0,0,0,0,0,0,0,0,0,0,0,0,1,0,0,0,0,0,0
"165647",2,3,0,0,0,3,4,1,23,4,2,0,11,14,4,77,332,503,10,38,33,0,0,10,6,8
"354436",0,0,0,0,0,0,0,0,1,1,0,0,0,0,0,1,159,82,0,1,0,0,0,0,0,0
"113799",0,0,0,0,0,0,0,0,1,0,0,0,1,1,3,3,28,4,2,3,2,0,0,0,0,0
"581833",0,1,0,0,0,0,0,0,3,0,1,0,1,8,7,111,23,32,12,117,13,0,0,0,0,0
"516251",2,1,0,0,0,4,2,3,0,0,0,0,0,0,0,0,0,0,0,0,0,0,0,0,0,0
"333725",0,0,0,0,0,0,2,0,0,1,0,1,0,0,0,1,3,2,25,23,442,2,0,1,0,0
"140933",1722,5178,141,40,23,7032,8974,1957,44,12,60,620,54,86,60,66,921,619,19,125,249,4,2,40,39,16
"173619",0,0,0,0,0,1,0,0,1,0,0,0,3,0,0,0,0,0,0,2,0,0,0,0,0,0
"221119",0,2,0,0,0,1,0,0,16,1,2,2,9,17,11,13,551,165,55,406,113,0,1,16,5,4
"101411",0,0,0,0,0,0,0,0,1,2,6,3,131,589,563,5,8,0,2,10,2,0,0,2,0,0
"205808",0,4,1,0,2,0,0,0,6,3,7,10,963,2065,1976,12,6,3,1,13,4,1,5,7,2,0
"511577",0,0,0,0,0,0,0,0,0,0,0,0,0,0,0,0,0,2,0,1,3,0,0,0,0,0
"39461",0,0,0,0,0,0,0,0,0,0,0,0,4,34,32,0,2,0,0,0,0,0,0,0,0,0
"8051",0,0,0,0,0,0,0,0,0,0,0,0,0,0,1,0,0,0,1,61,10,0,0,1,0,0
"141872",8,15,5,8,9,3,6,9,43,41,147,355,8567,41164,38135,205,76,101,274,13321,2135,8,27,76,11,9
"8057",0,8,8,0,0,0,0,0,4,0,6,7,84,833,715,22,23,76,15,41,20,0,0,1,1,0
"574649",0,0,0,0,0,0,0,0,2,0,0,1,0,0,0,4,395,125,1,3,0,0,0,0,0,0
"8101",0,0,0,0,0,0,0,0,0,0,0,0,2,0,1,2,14,0,1,2,1,0,0,0,0,0
"592523",0,0,0,0,1,0,0,0,0,0,0,0,3,2,1,8,190,5,14,81,11,0,0,0,0,0
"252006",6,22,1,1,0,2,26,2,0,0,2,0,3,5,6,1,124,6,3,103,25,1,0,3,3,0
"18746",1,4,1,1,3,0,59,1,26,6,15,5,160,648,229,171,9806,2378,52,468,196,0,0,16,9,10
"347038",300,1,1,0,0,0,1,1,0,0,0,0,6,9,2,0,0,2,0,2,14,0,0,1,0,0
"419180",126,2461,13,0,0,0,1,0,2,0,0,9,48,28,37,0,15,2,14,69,5,0,0,2,2,0
"8008",9,48,95,0,0,0,0,0,0,0,1,1,0,4,2,0,1,0,4,5,2,0,0,0,0,0
"555343",213,747,16,0,0,9,84,1,0,1,280,96,22,33,38,1,1,0,7,228,91,0,0,4,6,1
"362382",0,0,0,0,0,0,0,0,0,0,0,0,0,0,0,20,23,6,6,12,4,0,0,0,0,0
"83477",13,94,0,0,0,0,0,0,0,0,0,0,0,0,0,0,3,0,9,264,57,0,1,0,0,0
"7509",1,0,0,0,0,0,0,0,0,0,0,0,0,0,0,0,0,0,0,1,2,0,0,0,0,0
"7510",0,0,0,0,0,0,0,0,0,0,0,0,0,0,0,0,0,0,0,1,1,0,0,0,0,0
"358039",0,0,0,0,0,0,0,0,0,0,0,0,0,0,0,0,0,0,0,4,26,0,0,0,0,0
"568686",0,1,0,0,0,0,0,0,0,0,1,0,0,0,0,0,4,0,0,15,32,2,1,2,2,0
"341286",0,0,0,0,0,0,0,0,0,0,0,0,0,0,0,0,6,0,1,3,0,0,0,0,0,0
"571311",1,3,0,0,0,0,0,0,0,0,0,0,0,0,0,0,0,0,4,3,3,0,0,0,0,0
"139981",2,0,9,0,0,0,0,0,0,0,0,0,0,0,0,0,2,0,0,4,0,0,0,0,0,0
"313985",2463,1500,5755,1,1,3,79,30,0,1,1,1,8,13,5,0,1,1,4,13,8,2,0,9,5,14
"168486",0,1,0,0,0,0,0,0,1,1,0,0,0,0,0,0,15,0,14,31,17,0,0,0,0,0
"245592",0,0,0,0,0,0,0,1,0,0,0,0,0,0,0,0,1,1,35,699,177,0,0,1,0,0
"7539",0,0,0,0,0,0,0,0,0,0,0,0,0,2,0,0,0,0,1,0,14,0,0,0,0,0
"7470",0,0,0,0,0,0,0,0,0,0,0,0,0,0,0,0,0,0,0,1,2,0,0,0,0,0
"292111",0,0,0,0,0,0,0,0,0,1,0,0,14,13,6,0,2,0,4,4,0,0,0,0,0,0
"7517",0,0,0,0,0,0,0,0,0,0,0,0,0,1,0,0,0,0,0,0,0,0,0,0,0,0
"132687",0,0,0,0,0,0,0,0,0,0,0,0,0,1,1,0,1,0,0,0,1,0,0,0,0,0
"7526",0,0,0,0,0,0,0,0,0,0,0,0,0,0,1,0,0,0,0,0,0,0,0,0,0,0
"7532",0,0,0,0,0,0,0,0,0,0,1,2,11,19,26,0,0,0,0,0,0,0,0,0,0,0
"7541",0,0,0,0,0,0,0,0,0,0,2,0,26,57,40,0,0,0,0,0,0,0,0,2,0,0
"159398",0,0,0,0,0,0,0,0,0,1,0,0,0,0,0,0,0,2,3,59,40,0,0,0,0,0
"7609",0,0,0,0,0,0,0,1,0,0,0,3,12,4,2,0,1,4,7,98,53,0,0,0,0,0
"528872",0,0,0,0,0,0,0,0,3,0,0,0,0,0,0,0,2,270,0,0,0,0,0,0,0,0
"245026",89,47,0,0,0,0,4,0,0,0,1,0,1,0,0,0,0,0,0,4,4,0,0,1,0,0
"182827",3342,150,1,2,1,0,33,0,0,0,3,86,10,6,2,0,0,1,0,3,2,0,0,11,2,0
"256598",0,56,0,0,0,1,0,0,0,0,0,0,0,2,0,0,0,0,0,11,0,0,0,0,0,0
"101731",1,2,0,0,0,0,12,0,0,5,354,1,6,18,10,0,3,15,1,17,9,0,0,0,0,0
"571774",441,1241,65,0,0,0,483,2,1,1,34,0,4,2,12,0,1,0,1,4,0,0,0,5,6,0
"245102",231,386,61,1,0,58,1804,68,4,7,277,2,18,12,1,0,1,0,2,7,6,2,1,433,324,375
"254119",594,2039,749,0,0,41,275,14,11,72,5053,13,131,73,35,2,6,2,1,16,5,1,0,31,28,31
"591221",0,34,0,0,0,46,71,0,0,0,0,0,0,0,0,0,0,1,0,1,0,1,0,0,1,0
"41720",8,40,57,0,0,97,339,22,1,0,3,10,0,0,0,13,16,1,0,1,0,0,0,1,1,0
"429048",426,1157,19,2,1,152,620,60,2,1,8,27,0,3,1,2,2,6,1,0,0,1,1,2,8,1
"150537",321,543,8,0,0,0,73,1,0,1,11,0,5,12,5,0,0,0,1,20,0,0,0,2,3,2
"68655",1127,7,0,0,1,2,34,0,0,0,3,0,2,1,0,0,1,0,0,1,0,0,0,6,0,0
"276133",537,56,0,0,0,0,19,0,0,0,0,0,1,1,0,0,0,0,0,0,0,0,0,3,0,0
"192890",81,75,0,0,0,0,5,3,0,0,0,6,1,22,22,0,0,2,0,8,2,0,0,0,1,0
"114384",372,27,0,0,0,0,14,0,1,0,0,0,1,0,0,0,0,0,0,0,0,0,0,1,1,1
"21579",0,4,0,0,0,0,0,0,0,0,1,9,35,20,4,0,0,0,0,0,1,0,0,1,0,0
"143746",36,63,12,0,1,0,6,0,1,0,153,1050,53,29,27,0,50,10,0,1,1,0,1,1,1,0
"228764",24,14,13,26,41,11,23,35,760,128,4438,6878,533,2172,527,73153,9642,78772,156,42,33,47,42,108,31,49
"5950",15,25,15,0,0,0,15,0,2,0,42,72,7,4,5,0,0,0,0,0,0,0,0,0,0,0
"106063",1,0,0,0,0,0,0,0,0,0,0,0,0,0,0,0,0,0,0,0,0,0,0,0,0,0
"38141",11,0,0,0,0,0,0,0,0,0,0,0,0,0,0,0,0,0,0,0,0,0,0,0,0,0
"44758",172,512,12,0,1,2,28,1,0,0,0,0,4,3,5,0,0,0,0,3,5,0,0,1,4,0
"471451",2,10,30,0,0,14,48,5,1,0,0,0,0,1,0,0,2,0,7,117,17,0,0,0,0,0
"572099",1,2,1,0,0,1,0,0,0,0,0,1,4,7,3,0,0,0,1,0,1,0,0,1,0,0
"199327",1545,3083,355,0,1,103,1278,100,2,1,51,20,533,526,390,148,897,4,7,164,14,3,4,16,12,3
"103710",0,5,2,0,0,2,3,3,0,1,2,131,73,83,83,0,0,0,1,3,0,0,0,2,0,0
"146948",4,10,0,0,0,33,4,0,0,0,0,3,3,0,3,0,1,0,0,0,0,0,0,0,0,0
"90730",5,7,18,0,0,12,0,2,0,1,9,2,17,12,33,0,0,0,0,4,1,0,0,0,0,1
"578761",39,56,227,1,0,20,104,11,0,2,0,0,5,4,6,0,14,1,6,112,15,0,0,0,0,0
"195857",3,5,14,0,0,0,2,0,0,0,0,0,7,8,13,0,0,0,0,2,0,0,0,0,0,0
"144720",45,127,209,0,0,63,544,66,3,0,23,2,29,38,20,18,228,4,16,515,78,0,0,3,1,0
"100639",154,37,0,0,0,0,0,0,0,0,0,0,0,0,0,0,69,0,1,8,4,0,0,0,0,0
"5123",0,0,0,0,0,0,0,0,0,0,0,0,0,1,0,0,33,0,0,0,0,0,0,0,0,0
"275257",68,166,73,0,0,28,407,19,1,2,4,4,30,27,18,13,253,3,6,83,18,0,1,2,1,0
"129415",44,102,69,0,0,3,3,2,0,0,0,1,104,120,106,0,2,1,7,43,1,0,0,0,2,0
"518497",1,2,12,0,0,0,0,0,0,0,0,0,1,0,0,0,2,0,0,0,0,0,0,0,0,0
"527879",17,48,0,0,0,0,21,6,0,0,0,3,2,0,0,1,5,0,0,1,0,0,0,0,0,0
"101358",28,20,0,0,0,0,0,0,0,0,0,0,1,2,1,0,0,0,0,12,4,0,0,0,0,0
"5066",2,29,154,0,0,0,1,0,0,0,0,0,1,1,1,0,0,1,23,161,87,0,0,1,0,0
"175383",646,3454,781,0,0,123,128,19,0,3,115,16,279,279,244,30,499,1,2,35,5,1,3,6,6,2
"105473",0,3,42,0,0,0,8,0,0,0,0,0,0,0,0,0,0,0,0,1,1,0,0,0,0,0
"196623",14,54,0,0,0,0,0,0,0,0,0,0,40,63,28,0,1,0,0,1,0,0,0,0,0,0
"523501",204,241,0,1,0,0,0,0,2,0,2,0,4,15,17,0,0,0,0,0,0,0,0,0,1,0
"4708",0,1,0,0,0,0,0,0,0,0,0,0,1,1,0,20,9,12,0,0,0,0,0,0,0,0
"4722",0,2,0,0,0,0,0,0,0,0,0,0,0,0,0,0,0,0,0,0,0,0,0,0,0,0
"209096",792,1406,440,0,0,4,5,3,2,1,3,1,19,35,32,0,1,0,1,7,2,1,1,3,5,1
"558957",45,43,56,0,0,4,5,0,0,0,14,0,31,37,13,0,10,4,2,4,0,0,0,1,0,0
"150914",2,1,0,0,0,0,0,0,0,0,0,0,2,5,6,0,0,0,0,0,0,0,1,0,0,0
"100954",5013,5361,152,3,1,24,101,12,6,3,1,8,235,518,485,3,41,18,0,2,4,1,1,15,18,2
"237616",160,696,4,0,0,7,56,7,0,0,2,20,54,139,95,0,2,1,0,0,0,0,1,1,4,0
"284778",21,30,1,0,0,0,0,0,0,0,0,0,2,1,0,0,0,0,0,0,0,0,0,0,0,0
"87984",44,34,1,0,0,0,15,0,0,0,0,0,17,16,8,0,0,0,0,0,0,0,0,0,0,0
"566886",18779,24019,2836,14,7,22,308,25,17,8,212,40,1191,2159,2009,16,9,6,4,137,119,6,10,76,64,12
"538266",14,55,3090,0,1,19,284,62,1,0,2,0,0,0,0,0,0,0,2,6,4,0,0,0,1,10
"102764",24,312,4225,3,1,349,1789,145,5,2,2,722,11,6,6,10,1244,5,0,3,0,0,2,4,1,11
"515499",2,14,13,0,0,0,1,0,0,0,0,0,0,0,0,0,0,0,0,0,0,0,0,0,0,0
"583653",6,153,280,2,0,30,1603,9,3,5,77,1,6,4,1,4,56,0,0,1,1,0,1,2,1,0
"104806",0,0,0,0,0,0,1,0,0,0,0,0,0,2,3,0,0,0,0,0,0,0,0,0,0,0
"471399",3,19,29,0,0,0,1,0,0,2,1,6,200,281,284,1,0,1,0,0,0,0,0,2,0,0
"161177",97,249,148,0,0,0,266,1,4,3,32,10,1058,1430,1475,9,4,3,20,206,135,1,3,6,2,0
"236892",0,7,90,0,0,0,0,4,0,0,1,31,101,134,115,2,0,0,1,20,6,0,0,1,0,0
"152480",31,53,70,0,1,1,0,0,0,0,4,5,469,1085,929,3,1,0,0,0,0,0,2,2,0,0
"240757",847,3525,78,3,2,1,20,15,2,0,1,0,174,294,285,4,3,0,2,21,7,0,0,2,10,1
"573659",80,1442,246,3,1,41,220,24,3,4,10,25,2346,3820,2970,26,23,5,1,71,22,3,9,18,3,3
"66822",71,500,1,0,0,0,23,0,0,0,0,0,13,6,2,0,0,0,0,5,3,0,0,0,2,0
"321878",0,2,12,0,0,0,0,0,0,0,0,0,0,0,0,0,0,0,0,0,0,0,0,0,0,0
"213706",0,0,0,0,0,0,0,0,0,0,0,0,0,0,0,1,0,2,0,0,0,0,0,0,0,0
"175858",2,1,0,0,0,0,0,0,0,0,0,0,0,2,0,0,0,0,5,4,0,0,0,0,0,0
"165827",11,76,3387,0,0,58,293,68,1,1,0,0,0,0,0,1,1,1,1,1,0,1,1,1,1,8
"290742",0,0,0,0,0,0,0,0,0,0,0,0,0,1,0,2,4,3,0,0,0,0,0,0,0,0
"104513",0,0,0,0,0,0,0,0,0,0,0,0,0,0,0,12,0,2,0,0,0,0,0,0,0,0
"163347",0,0,2,0,0,0,1,0,0,0,0,0,1,2,1,55,1,4,0,0,0,0,0,0,0,0
"75890",5,3,4,3,6,2,1,1,43,11,8,3,38,192,63,6929,427,4892,6,5,2,4,3,6,2,3
"105613",2,1,6,1,2,1,3,0,17,1,5,4,44,138,43,5485,3116,1265,3,27,6,6,0,9,3,2
"5681",0,0,0,0,0,0,0,0,0,0,0,0,0,0,0,9,130,21,13,97,21,0,0,0,0,0
"159695",0,0,0,0,0,0,0,0,0,0,0,0,0,0,0,2,23,3,0,0,0,0,0,0,0,0
"364995",0,0,0,0,0,0,0,0,0,0,0,0,0,0,0,0,6,3,0,4,1,0,0,0,0,0
"226155",0,0,0,0,0,0,0,0,0,0,1,0,51,15,8,1,111,6,0,0,0,0,0,0,0,1
"215354",0,0,0,0,0,0,0,0,0,0,0,0,0,0,0,7,18,3,2,0,0,0,0,0,0,0
"293008",0,0,0,0,0,0,0,0,0,0,0,0,1,0,0,0,46,2,3,38,6,0,0,0,0,0
"171023",0,0,0,0,0,0,0,0,0,0,0,0,0,0,0,1,7,0,1,0,0,0,0,0,0,0
"109582",0,0,0,0,0,0,0,0,0,0,0,0,0,1,0,0,16,1,1,0,0,0,0,0,0,0
"68976",0,0,0,0,0,0,0,0,0,0,0,0,1,0,0,2,39,24,0,0,0,0,0,0,0,0
"532766",0,0,0,0,0,0,0,0,0,0,0,0,0,0,0,1,8,1,0,0,0,0,0,0,0,0
"253055",0,0,0,0,0,0,0,0,0,0,0,0,0,0,0,3,1,0,0,0,0,0,0,0,0,0
"346324",0,0,0,0,1,0,1,0,17,0,0,0,19,3,0,61,2692,1814,6,1,0,0,0,2,0,1
"109216",0,1,0,0,0,0,0,0,0,0,0,0,1,1,0,2,40,11,0,1,0,0,0,0,0,0
"556772",0,0,10,0,0,0,0,0,0,0,0,0,0,0,0,0,73,41,1,1,0,0,0,0,0,0
"153572",0,0,0,0,0,0,8,0,9,1,0,1,27,2,0,12,3364,1012,36,93,61,0,1,0,1,1
"110922",0,0,0,0,0,0,0,0,0,0,0,0,0,0,0,1,1,0,0,1,0,0,0,0,0,0
"161345",0,0,0,0,0,0,2,0,0,0,0,0,0,0,0,0,6,0,12,3,1,0,0,0,0,0
"186396",0,0,0,0,0,0,0,0,2,0,0,0,0,0,0,2,54,123,5,1,0,0,0,0,0,0
"159563",1,0,0,0,0,0,1,1,4,0,1,0,53,13,6,277,7001,266,5,3,0,0,0,2,2,0
"334773",0,0,0,0,0,0,0,0,3,1,1,0,2,7,0,161,182,196,6,3,1,0,0,1,0,0
"592117",0,0,0,0,0,0,0,0,0,0,0,0,0,1,0,24,1,7,0,0,0,0,0,0,0,0
"44012",2,4,7,0,0,261,2052,525,8,2,111,65,2929,2230,2020,11,13,9,8,34,13,0,8,10,1,2
"83643",0,0,0,1,0,2,77,2,0,0,49,2,44,89,44,0,11,2,0,0,0,0,1,1,0,0
"98295",19,29,3,0,0,62,24,4,2,20,1373,709,1186,1361,810,5,7,6,1,2,2,1,0,4,0,0
"246019",0,0,0,0,0,0,3,0,0,0,0,0,0,0,0,0,1,0,0,0,0,0,0,0,0,0
"233567",2,19,7,0,0,81,440,85,2,1,3,9,109,58,45,39,906,53,6,40,15,0,1,4,4,0
"5753",0,0,21,0,0,0,3,5,1,0,0,0,1,4,2,39,29,76,1,1,0,0,1,1,1,0
"5828",1,2,7,0,0,1,0,0,1,0,0,0,2,1,0,5,48,7,1,13,4,0,0,0,0,0
"151324",8,139,54,1,1,12,3834,43,9,6,14,4,17,43,28,41,95,103,29,71,26,0,1,5,0,3
"268065",9,26,45,0,0,0,0,1,0,0,0,0,12,14,10,0,0,0,4,20,14,0,0,0,0,0
"532443",0,0,0,0,0,0,0,0,0,0,0,0,0,0,0,0,1,4,0,0,0,0,0,0,0,0
"100847",0,1,3,0,0,0,0,1,0,1,150,11,6,10,6,0,5,0,0,9,7,0,0,0,0,0
"5851",0,0,0,0,0,0,0,0,0,0,0,0,5,1,0,16,416,0,0,4,6,0,0,0,0,0
"108547",0,0,0,0,0,0,1,0,0,0,0,0,0,0,0,0,0,0,11,36,20,0,0,0,0,1
"104117",29,173,2,0,0,0,6,0,0,0,0,15,2,2,0,0,0,0,0,0,0,0,0,0,1,0
"305547",78,291,569,2,3,383,2669,354,9,11,222,3913,66,43,26,965,52,7,0,2,1,0,1,4,1,4
"110830",2,1,22,0,0,43,0,32,1,0,2,2,3,0,1,0,341,1,0,0,0,0,0,0,0,0
"5552",3431,3357,4011,6,1,16,127,40,12,56,3679,10354,215,329,319,4,659,3,4,9,10,1,3,18,9,10
"106146",129,549,1021,2,0,22,159,5,1,1,24,132,25,28,28,107,629,62,5,11,2,0,0,0,3,3
"570079",7,0,1,0,0,0,0,0,0,0,1,0,0,0,0,0,0,0,0,0,0,0,0,0,0,0
"181641",75,16,1,0,0,0,0,0,0,0,0,0,0,4,2,0,0,1,14,23,3,0,0,0,0,0
"356548",0,0,11,1,0,0,1,1,0,0,0,0,1,0,0,1,2,0,20,499,1003,4,0,5,0,1
"303674",97,57,16,0,0,0,0,0,0,0,1,1,0,0,1,2,5,1,0,0,0,0,0,0,0,0
"4544",2,44,131,0,0,0,18,0,0,0,0,6,2,6,2,0,2,1,0,0,1,0,0,0,0,1
"165020",4,249,298,0,0,87,296,87,0,1,2,3,1,0,1,0,0,1,2,4,4,0,0,0,1,1
"570120",0,0,0,0,0,0,0,0,0,0,0,0,0,0,0,0,0,0,1,12,1,0,0,0,0,0
"554284",10,11,6,0,0,0,2,0,0,1,27,11,65,80,55,2,0,0,0,0,0,0,0,0,0,0
"319537",42,295,4059,0,1,182,1173,125,4,49,2510,36,383,202,187,1,2,0,2,2,2,1,3,3,3,8
"274248",57,0,0,0,0,0,0,0,0,0,0,0,0,0,3,0,0,0,0,0,0,0,0,0,0,0
"110239",0,1,0,0,0,0,0,0,0,0,0,0,0,0,0,0,0,0,0,0,0,0,0,0,0,0
"138760",37,0,0,0,0,0,0,0,0,0,0,0,0,0,0,0,0,0,0,0,0,0,0,1,0,0
"255006",1,1,0,0,0,0,0,0,0,0,0,0,0,0,0,0,0,0,0,0,0,0,0,0,0,0
"4470",1,4,0,0,0,0,5,1,0,0,0,0,0,0,0,0,0,0,0,0,0,0,0,0,0,0
"235954",28,5,0,0,0,0,0,0,0,0,0,0,2,1,0,0,0,0,0,0,0,0,0,0,0,0
"266208",53,10,0,1,0,0,16,1,0,0,0,0,0,3,5,0,0,0,0,0,0,0,0,0,0,0
"227409",35,13,9,0,0,0,2,0,0,0,0,0,3,11,8,0,0,0,0,0,0,0,0,1,0,0
"240686",1,7,10,0,0,5,1,0,0,0,0,0,0,0,0,0,4,0,0,1,0,0,0,0,0,0
"93710",82,16,0,1,0,0,0,0,0,0,0,1,0,0,0,0,0,0,0,0,0,0,0,0,1,0
"217481",252,8,1,0,0,0,5,2,0,1,0,8,0,1,0,0,0,0,0,0,0,0,0,0,1,0
"129759",100,220,7777,0,2,12,61,3,0,0,0,0,0,4,3,0,0,2,1,2,0,2,1,3,3,18
"562526",3992,11177,23807,19,9,1164,7077,556,42,15,49,1065,428,185,107,195,25048,524,24,54,118,11,7,43,47,109
"133194",14,16,73,0,0,65,299,9,0,0,3,0,0,0,0,0,12,1,0,1,1,0,0,0,0,0
"143097",9,17,18,0,1,1,49,25,2,0,0,15,0,0,0,0,0,1,0,1,0,0,0,0,0,0
"224427",138,804,2270,0,3,163,467,24,5,16,471,7931,603,605,515,8,27,8,17,103,33,2,3,8,9,3
"158572",3,19,680,0,0,21,86,30,1,0,0,0,2,0,2,7,1,0,55,54,7,0,0,0,0,1
"323600",0,6,6,0,0,0,25,0,0,0,0,0,0,0,0,1,0,2,11,24,6,0,0,0,0,0
"563240",0,5,57,0,0,1,3,8,0,0,2,0,4,1,2,0,0,0,0,2,0,0,0,1,0,0
"352641",44,227,139,0,0,87,125,3,1,0,16,11,11,9,2,0,2,0,1,33,5,0,0,2,1,1
"262714",1726,6288,18459,6,1,263,997,337,9,3,5,19,5,11,4,2,30,13,2,35,12,3,4,19,18,46
"278075",0,0,6,1,1,0,0,0,2,2,18,293,2349,1374,759,7,7,1,0,0,1,1,6,16,1,0
"138986",0,0,0,0,0,0,0,0,0,0,0,0,0,0,0,1,0,0,0,0,0,0,0,0,0,0
"185783",0,0,0,0,0,0,0,0,0,0,0,0,0,0,0,0,0,1,0,0,0,0,0,0,0,0
"100730",1,0,0,0,0,0,0,1,1,0,0,0,1,2,0,1,1,1,2,322,192,3,0,0,1,0
"130031",0,0,0,0,0,0,0,0,0,0,1,0,0,0,0,0,1,0,0,0,0,0,0,0,0,0
"10776",0,1,0,0,0,0,0,0,1,0,9,16,391,1269,1400,6,1,1,0,1,0,0,0,3,0,0
"161965",1,1,0,2,0,1,0,0,2,11,16,23,1487,6821,5625,37,1,2,1,2,2,1,5,11,1,1
"552003",0,0,0,0,0,0,0,0,1,0,2,10,112,421,427,5,0,0,0,5,15,1,1,1,0,0
"590543",0,0,1,0,0,0,0,0,0,0,0,0,0,2,4,0,0,1,44,194,317,0,0,6,1,0
"71994",0,0,0,0,0,0,0,0,0,0,0,0,0,0,0,0,4,0,0,0,0,0,0,0,0,0
"10901",0,0,0,0,0,0,0,0,0,0,0,0,0,0,0,0,3,0,0,0,0,0,0,0,0,0
"154479",0,0,0,0,0,0,0,0,0,0,0,0,0,0,0,0,4,0,0,5,0,0,0,1,0,0
"246904",0,0,0,0,0,0,0,0,0,0,0,0,0,0,0,0,0,0,0,0,2,0,0,0,0,0
"289889",0,0,0,0,0,0,0,2,1,2,0,0,2,1,1,1,4,6,265,1164,642,1,1,4,0,1
"536561",0,4,1,2,0,2,1,2,4,4,17,20,604,4565,5151,31,29,10,239,1072,2205,11,10,18,5,3
"284321",0,0,1,0,1,0,0,0,2,0,8,8,207,2252,2516,15,0,0,0,3,0,0,2,4,0,0
"142768",1,2,0,0,0,27,0,4,1,1,4,12,1136,914,1028,7,4,0,51,334,740,3,6,5,0,1
"583279",0,0,0,1,0,0,0,0,0,1,2,1,15,40,33,4,13,0,15,111,53,0,0,0,0,0
"549531",0,0,0,0,0,0,1,1,2,0,0,0,2,1,1,1,5,2,103,292,111,0,1,1,0,1
"110001",0,0,0,0,0,0,0,0,0,0,0,0,1,5,0,0,9,2,14,147,25,0,0,1,0,0
"246762",474,1197,545,0,1,2,132,1,3,3,141,58,152,304,266,1,0,0,1,7,1,1,1,3,4,4
"277698",1,1,1,1,0,0,0,0,0,3,0,0,12,7,2,18,541,19,11,28,1,0,0,0,1,0
"39056",1,6,259,0,0,0,0,0,0,0,0,0,0,0,0,0,0,0,0,2,0,0,0,1,0,0
"10645",84,233,343,1,0,0,0,0,1,0,1,0,11,55,56,1,0,1,4,15,5,1,0,3,1,0
"10652",35,90,515,0,0,0,0,0,0,0,0,0,0,0,3,0,0,0,1,1,1,0,0,0,0,1
"85080",50,76,113,0,0,0,0,0,0,0,0,0,0,1,0,0,76,1,18,72,30,0,0,0,0,0
"314203",3,55,90,0,0,0,5,0,0,0,1,4,43,4,3,0,0,0,0,1,1,0,0,0,0,0
"234490",38,259,79,0,0,2,1,0,5,1,16,29,2200,3106,3214,15,2,4,1,1,5,1,7,15,0,0
"244970",4,56,162,0,0,0,0,0,0,0,0,0,0,1,0,0,0,0,0,0,0,0,0,0,0,0
"259044",0,4,9,0,0,0,0,0,0,0,0,0,0,0,0,0,0,0,0,0,0,0,0,0,0,0
"140591",2,13,678,0,0,0,3,0,0,0,0,0,8,29,36,0,0,0,0,0,0,0,0,0,0,0
"133876",272,1064,1350,0,1,2,42,0,0,0,1,0,7,37,31,0,0,1,0,2,0,2,0,3,1,0
"10733",27,705,7,4,1,1,3,5,14,10,63,129,6886,19405,20588,123,27,14,24,728,2195,9,31,51,11,4
"103899",0,9,2,0,0,0,1,1,2,0,2,2,49,89,175,2,3,3,140,1398,3419,10,3,33,1,0
"525862",5,5,1,2,2,0,1,4,10,4,8,2,26,72,65,3,25,15,654,11127,13220,24,6,143,3,2
"10660",0,0,0,0,0,0,0,0,0,0,0,0,0,0,0,0,0,0,0,5,1,0,0,0,0,0
"240724",0,0,0,0,0,0,0,0,0,2,1,6,344,959,677,8,2,0,5,22,49,0,1,1,0,0
"554668",2,1,0,1,1,0,0,0,16,2,3,2,6,24,8,1326,165,2572,4,27,0,1,0,1,1,1
"17215",0,0,0,0,0,0,0,0,0,0,0,0,0,0,0,0,0,7,0,5,1,0,0,0,0,0
"103364",0,0,0,0,0,0,0,0,0,0,0,0,0,0,0,0,1,0,0,0,0,0,0,0,0,0
"247895",0,0,0,0,0,0,0,0,0,0,0,0,0,0,0,0,66,6,0,0,0,0,0,0,0,0
"325922",0,0,0,0,0,1,0,1,0,0,0,1,0,0,0,1,3,22,0,0,0,0,0,0,0,0
"428237",1,0,1,1,1,9061,315,10228,596,418,17,5,4,10,2,1,6,3,11,3,5,1,2,3,1,2
"541179",9,0,0,0,0,9,0,0,0,0,0,1,0,0,0,0,0,1,0,0,0,0,0,0,0,0
"39294",238,3059,1130,10,21,333,1476,183,108,811,88471,45028,1388,561,1322,34,172,167,35,24,7,13,11,39,37,58
"568291",0,0,0,0,0,0,0,2,0,0,2,0,0,0,0,0,1,22,0,4,0,0,0,0,0,0
"236235",0,0,0,0,0,0,0,0,0,0,2,0,0,0,0,0,1,74,0,2,1,0,0,0,0,0
"241828",0,0,0,0,0,8,153,26,0,1,0,0,0,0,0,0,6,7,0,0,0,0,0,0,0,0
"201647",0,0,0,0,0,0,0,0,1,0,0,1,0,0,0,0,1,13,0,1,0,0,0,0,0,0
"139680",0,0,0,1,0,0,0,1,3,0,4,0,0,0,0,0,2,300,1,0,0,0,0,0,0,0
"311503",0,0,0,0,0,0,0,0,0,1,3,0,0,0,0,0,2,37,0,0,0,0,0,0,0,0
"180016",0,0,0,0,0,0,0,0,1,0,0,0,0,0,0,0,41,4,0,5,3,0,0,0,0,0
"126934",0,0,0,0,0,0,0,0,0,0,0,0,0,0,0,0,0,1,0,0,0,0,0,0,0,0
"145286",0,0,0,0,0,0,0,0,0,0,0,0,0,0,0,0,40,1,0,0,0,0,0,0,0,0
"67320",2,12,82,0,0,2,5,0,1,1,1,0,2,2,0,0,81,25,0,2,7,0,0,0,0,1
"86531",0,0,0,0,0,0,0,0,0,0,0,1,0,0,0,0,672,20,6,0,1,0,0,0,0,0
"430903",0,0,0,0,0,0,0,0,0,0,2,0,0,0,0,1,1,2,0,6,0,0,0,0,0,0
"2401",0,0,0,0,0,0,0,0,0,0,0,0,0,0,0,0,4,1,0,0,0,0,0,0,0,0
"86285",1,0,0,1,1,0,3,1,7,3,0,1,37,3,0,221,6433,1154,2,2,2,0,0,0,2,0
"187417",0,0,0,0,0,0,0,0,0,0,0,0,0,0,0,0,22,3,4,125,19,0,0,0,0,0
"312668",0,0,0,0,0,0,0,0,0,0,0,0,0,0,0,0,1,4,27,114,31,0,0,0,0,0
"567350",0,0,0,0,0,0,0,0,0,0,0,0,0,0,0,0,21,7,0,0,0,0,0,0,0,0
"538619",0,0,0,0,0,0,0,0,1,0,0,0,0,0,0,0,32,1,0,0,0,0,0,0,0,0
"142804",0,0,0,0,0,0,0,0,0,0,0,3,0,0,0,0,0,0,0,2,0,0,0,0,0,0
"167133",0,0,0,0,0,0,0,0,0,0,0,0,0,0,0,0,0,0,0,1,0,0,0,0,0,0
"55449",0,0,0,0,0,0,0,0,0,0,1,0,0,0,0,6,28,6,0,1,1,0,0,0,0,0
"566298",0,0,0,1,0,0,0,0,0,0,0,0,1,0,0,14,57,20,0,2,0,0,0,0,1,0
"99909",0,0,0,0,0,0,0,0,1,0,0,0,0,1,0,20,149,59,72,42,21,1,1,1,0,0
"108084",0,0,0,0,0,0,0,0,0,0,0,0,0,0,0,0,24,10,2,1,0,0,0,0,0,0
"2450",0,0,0,1,0,0,0,0,2,0,1,1,8,1,1,22,1042,91,22,17,3,1,0,0,0,1
"265850",0,0,0,1,0,0,0,0,0,0,0,0,0,0,0,2,33,9,1,8,0,0,0,0,0,0
"139205",1,0,0,0,0,0,0,0,6,0,1,0,21,2,0,29,2152,228,14,399,53,0,0,1,0,0
"317388",1,0,0,0,0,0,1,0,7,0,1,0,9,2,2,28,483,77,2,61,10,0,1,2,1,0
"179748",6,3,7,7,11,5,46,10,84,17,19,8,955,68,15,225,152878,3547,11,35,19,14,9,47,26,11
"535272",3,1,0,0,1,0,9,1,18,1,5,1,147,10,4,49,10762,449,5,8,5,2,4,11,4,2
"198687",0,0,0,0,0,54,11,19,0,0,0,0,0,0,0,0,0,0,0,0,0,0,0,0,0,0
"525720",0,0,0,0,0,1,0,0,0,0,0,0,0,0,0,0,0,0,0,0,0,0,0,0,0,0
"577339",0,59,1,0,0,0,66,0,0,0,1,0,0,0,2,0,3,2,0,0,0,0,0,0,0,0
"95871",0,0,0,0,0,16,40,29,0,0,0,0,0,0,0,0,0,0,0,0,0,0,0,0,0,0
"2269",0,0,0,0,0,0,0,0,0,0,0,0,0,0,0,0,0,1,0,0,0,0,0,0,0,0
"183535",0,28,0,0,0,2,37,368,0,0,1,2,0,1,0,0,0,0,0,0,0,0,0,1,0,0
"335420",0,3,0,0,0,29,4,96,0,0,5,0,0,0,1,1,2,1,0,0,0,0,0,0,0,0
"115159",59,587,13,0,0,384,997,395,1,2,14,7,0,0,0,0,20,16,1,0,0,0,1,0,0,1
"46641",0,0,0,0,0,4,3,5,0,0,0,0,0,7,0,0,0,0,0,0,0,0,0,0,0,0
"148090",6,3,3,0,0,87,73,5,0,0,5,2,1,1,2,1,4,2,0,1,1,0,0,0,0,0
"402252",8,45,4,3,7,1,3,7,68,126,9965,5387,166,71,59,1658,18442,5534,14,160,62,2,1,13,8,6
"347862",3,3,5,3990,13590,9,2,1,2,1,5,2,3,1,2,2,0,2,0,0,1,6,215,3,1,0
"331820",2904,1055,1319,698930,1085101,546,370,108,799,257,880,143,1403,264,222,81,279,297,641,84,2977,118567,54865,235952,189022,204654
"471122",2347,600,858,4081,363,33764,1461,9311,174773,9749,936,74,222,87,92,32,88,393,124,48,248,185,60,31335,26638,27352
"530785",8,1,1,0,38,9,6,0,1,0,0,0,8,20,18,0,1,0,0,1,0,17,2,10,2,3
"114426",31,1,3,0,0,1,0,0,0,0,0,1,4,6,5,0,0,0,1,1,2,0,0,8,7,7
"268540",3,3,8,22379,620,7010,910,780,10870,1223,20,8,12,6,6,2,4,32,4,3,0,146,10,10,1,5
"237323",1,2,0,1,2,922,10,275,144,32,6,0,0,0,0,0,0,1,1,0,1,0,0,0,1,0
"291090",100,61,56,26816,78875,169,45,12,451,60,86,6,143,27,28,4,26,13,56,9,309,10632,3533,23397,16798,18855
"544305",114,22,57,1,2,1,0,0,1,0,0,0,3,17,25,0,2,0,0,0,0,0,0,1,0,0
"259569",93,68,71,41963,114547,103,32,8,84,22,103,26,104,33,24,3,26,38,41,10,235,11246,3340,14501,12335,11412
"198091",1946,833,137,0,0,75,166,24,0,0,23,11,3,1,0,0,0,1,1,1,3,2,0,14,5,0
"169934",0,0,0,0,0,0,0,0,0,0,0,1,0,0,0,0,0,0,0,0,0,0,0,0,0,0
"287902",735,54,15,6,20,277,137,16,5,0,2,17,2,0,0,0,1,1,0,0,0,0,1,11,2,2
"269319",0,0,0,0,0,2,4,2,2,0,0,0,0,6,2,0,0,0,0,0,0,0,0,0,0,0
"183122",1,0,0,0,0,0,0,0,0,0,0,0,0,0,0,0,0,0,0,0,0,0,0,0,0,0
"278317",0,0,1,0,3,0,1,0,0,0,2,1,19,47,6,0,0,1,0,0,0,0,0,0,0,0
"327070",2,16,59,0,0,0,0,34,2,18,917,2412,17,7,11,0,11,2,12,60,5,1,0,2,0,1
"102384",10,1,6,0,0,0,1,0,0,0,0,0,0,0,0,0,3,2,0,7,0,0,0,0,0,0
"58612",1,20,19,0,0,0,0,10,1,1,0,0,0,0,0,0,19,1,25,85,5,0,0,0,0,0
"357873",0,8,270,0,0,0,0,0,0,0,0,0,0,0,0,0,0,0,0,0,0,0,0,0,0,0
"342865",1,8,10,0,0,0,0,0,0,0,4,0,31,103,56,1,0,0,0,2,1,0,1,0,0,0
"304538",0,0,0,0,0,0,0,0,0,0,0,0,0,0,0,1,0,0,0,0,0,0,0,0,0,0
"306350",9,9,17,0,0,30,60,63,0,1,2,1,0,0,0,0,0,0,0,27,5,0,0,0,0,1
"390520",46,194,2579,0,0,444,1314,238,3,4,4,513,5,2,6,0,2,1,5,4,0,0,0,1,3,21
"356181",8,28,388,0,0,40,19,6,0,0,0,0,1,0,0,0,0,0,0,1,1,0,0,1,0,2
"58635",0,0,0,0,0,0,0,0,0,1,78,0,0,0,0,0,0,0,0,0,0,0,0,0,0,0
"254579",8788,2588,5154,3,6,5,122,29,9,62,4562,95,945,1442,1536,9,7,3,6,6,8,4,3,34,7,19
"146568",0,24,1,0,0,0,0,0,1,2,5,2014,55,7,7,0,0,0,0,0,0,0,0,1,0,0
"139268",0,0,1,0,1,0,0,0,0,0,1,0,0,0,0,2,0,2,0,0,0,0,0,0,0,0
"510901",5,104,1496,2,0,31,201,36,1,1,0,165,0,2,1,0,0,0,1,0,0,1,0,1,0,6
"508075",0,2,0,0,0,0,0,0,1,0,2,10,182,35,19,0,0,0,0,0,0,0,0,2,0,0
"362966",13,213,61,0,0,254,141,28,0,0,0,0,1,0,0,0,0,0,1,0,0,1,0,0,1,0
"549152",0,0,0,0,0,0,0,0,0,0,0,0,1,0,0,4,39,1,0,0,0,0,0,0,0,0
"55666",0,0,1,0,0,0,0,0,0,0,0,0,0,0,0,0,1,0,1,2,0,0,0,0,0,0
"183407",0,0,0,0,0,0,0,0,0,0,0,0,0,0,0,0,0,0,0,0,1,0,0,0,0,0
"2573",0,0,0,0,0,0,0,0,0,0,0,0,0,0,0,0,0,7,0,0,0,0,0,0,0,0
"378092",2,0,3,3,2,1,3,1,15,18,189,30706,214,35,169,2,2,5,3,2,1,6,4,6,1,2
"184685",0,14,0,0,0,0,0,0,1,0,4,35,6,6,6,0,21,1,12,3,1,0,0,0,2,0
"273031",0,0,0,0,1,0,0,0,0,0,0,8,3,0,0,0,102,45,66,226,123,1,0,2,0,0
"35418",0,0,0,0,0,0,0,0,2,0,0,1,7,2,0,1,783,62,3,7,0,0,0,0,0,0
"232992",128,335,72,0,0,0,6,0,0,0,1,19,18,8,5,0,0,0,0,0,0,0,0,1,4,0
"210176",427,2202,15019,5,0,212,747,569,4,8,46,2070,23,19,27,0,4,2,6,18,3,6,1,2,8,36
"307031",552,652,230,1,1,1,1,0,0,0,0,3,15,36,30,0,0,0,0,0,0,0,1,3,3,0
"584085",312,169,857,0,0,0,0,0,0,0,4,0,4,6,8,0,10,0,0,0,0,0,0,0,1,7
"562783",132,860,9494,1,0,9,374,206,2,0,1,7,72,98,108,1,0,1,4,15,6,0,3,0,6,13
"351947",9,14,55,0,1,0,1,0,0,0,1,6,1,5,1,1,0,0,0,3,1,0,1,0,0,2
"532169",0,0,0,0,0,0,0,0,0,0,0,0,0,0,0,0,2,0,3,1,0,0,0,0,0,0
"143109",0,0,0,0,0,0,0,0,0,0,0,3,0,0,0,0,0,0,0,0,0,0,0,0,0,0
"104828",0,0,0,0,0,0,0,0,5,2,0,0,0,1,0,16,11,1291,6,0,0,0,0,1,1,0
"105774",0,0,0,0,0,0,0,0,0,0,0,0,0,0,0,0,0,10,0,0,0,0,0,0,0,0
"68979",0,1,0,0,2,0,4,0,71,5,0,0,11,7,2,6,1167,7102,19,4,0,0,0,1,2,1
"591182",3,3,1,0,4,1,0,0,173,13,15,2,31,173,39,6027,372,25662,48,5,0,3,8,10,4,7
"243944",0,0,0,0,0,0,0,0,0,0,0,1,0,0,0,0,0,0,0,0,0,0,0,0,0,0
"380491",2,26,527,0,0,179,1042,96,1,3,25,273,1,0,1,0,0,3,2,52,14,0,0,1,1,0
"593891",1239,3597,1570,1,0,1,8,42,2,6,654,34,1144,1088,947,6,1,3,1,3,1,1,0,9,7,10
"329327",145,17,74,0,0,0,0,0,0,0,0,0,0,0,0,0,0,0,0,0,0,0,0,1,0,0
"266522",819,380,44,0,1,0,0,0,0,0,1,0,1,2,11,0,0,0,0,6,11,0,1,4,1,0
"239257",0,0,0,0,0,0,0,0,0,0,0,0,2,1,0,0,0,0,0,0,0,0,0,0,0,0
"250258",10714,2359,9,2,7,0,29,2,3,0,4,0,9,24,43,2,2,3,0,2,5,2,0,52,11,2
"212239",51,41,0,0,0,0,20,0,0,0,0,1,0,1,0,0,0,0,0,0,0,0,0,0,0,0
"160987",1420,934,1,1,0,2,2,7,0,0,1,0,3,1,0,0,1,0,0,0,0,0,0,12,4,1
"530449",180,0,0,0,0,0,0,0,0,0,0,0,0,0,0,0,0,0,0,0,0,0,0,2,0,0
"36155",126294,24191,12306,52,46,36,222,23,41,11,229,183,475,1904,1869,17,27,21,85,649,259,41,28,700,98,59
"1736",8,2,0,0,0,0,0,0,1,0,1,24,279,491,662,2,1,0,0,0,0,1,0,2,0,0
"514080",0,1,0,0,0,0,0,0,0,1,0,0,1,1,3,0,50,1,1,4,222,0,0,4,0,0
"51852",0,0,0,0,1,0,0,1,0,1,16,22,441,1928,2304,13,1,1,0,0,14,0,1,4,1,1
"157587",0,0,0,0,0,0,0,0,0,0,0,0,0,4,8,0,0,0,0,0,0,0,0,0,0,0
"593032",0,0,0,0,0,0,0,0,0,0,0,1,1,5,10,0,0,0,0,0,0,0,0,0,0,0
"105005",0,1,0,0,0,0,0,0,2,1,10,21,338,1366,2450,12,1,4,1,5,4,0,2,1,0,0
"76201",3,65,0,0,0,0,0,0,0,0,1,0,1,0,3,0,0,0,0,2,0,0,0,0,1,0
"141312",159,284,837,0,0,32,4,1,0,0,2,0,18,150,129,2,4,0,56,56,112,1,1,2,1,1
"252035",2,3,0,0,1,1,2,0,5,6,27,47,919,5586,8175,42,3,1,2,2,9,1,2,6,0,2
"63250",0,1,0,0,0,0,0,0,0,0,0,0,1,0,2,0,0,0,0,1,33,0,0,0,0,0
"339589",0,0,0,0,0,0,0,0,0,0,0,0,0,0,0,0,8,3,68,88,110,0,0,2,0,0
"225358",0,0,0,0,0,0,0,0,1,0,0,0,0,0,0,3,0,2,32,3,1,0,0,0,0,0
"323190",2686,1721,1085,1,1,0,19,10,0,0,28,86,177,154,112,1,1,1,1,1,2,0,1,17,3,0
"274373",0,0,0,0,0,0,2,0,0,0,0,0,0,0,0,0,0,0,0,0,0,0,0,0,0,0
"260358",0,0,0,0,0,0,0,0,0,0,0,0,2,0,0,0,0,0,0,0,0,0,0,0,0,0
"319505",85,917,86,5,11,29,56,3,85,537,39991,2450,40863,8180,7809,56,83,117,123,45,22,10,96,232,18,27
"235471",1,3,2,0,0,0,0,0,1,1,1,21,247,17,11,0,2,0,48,6,0,0,0,2,0,0
"570408",0,0,0,0,0,0,0,0,0,0,0,0,1,0,0,0,10,6,5,1,0,0,0,0,0,0
"510838",0,0,0,0,0,0,0,0,0,4,161,1,64,54,47,5,103,174,24,28,4,0,0,1,0,0
"346553",3,3,1,2,7,1,0,5,37,8,7,46,172,349,74,9767,126,1456,89,149,38,5,5,15,3,6
"177339",15,12,11,10464,5910,1,28,0,7,2,3,0,34,0,2,0,2,0,0,0,7,581,2630,4,0,3
"248041",2,264,27,0,2,1,19,9,1,4,72,608,2360,207,124,0,18,1,0,0,2,1,9,18,2,0
"119231",2105,2950,15,2,4,17,47,1,29,138,6630,11017,1888,321,345,6,12,5,5,7,4,2,2,37,13,5
"256977",48941,239547,20195,69,55,77,342,24,45,23,271,33,2287,1139,945,13,34,24,16,267,130,32,20,298,683,78
"354713",4882,8074,7938,4,4,74,329,35,16,14,487,106,7315,3537,2814,21,18,9,11,3,9,2,22,55,25,30
"111528",0,0,0,0,0,0,0,0,1,0,0,0,0,2,0,21,266,39,0,0,0,0,0,0,0,0
"100535",0,0,0,0,0,0,0,0,0,0,0,0,0,0,0,0,0,0,0,0,5,0,0,0,0,0
"547579",14,74,12,0,0,0,18,0,0,0,0,1,0,3,7,0,0,0,0,2,2,0,0,0,0,0
"2920",6,22,0,0,0,0,0,0,0,0,0,0,0,0,1,0,0,0,0,2,0,0,0,0,0,0
"25769",111,150,4,0,0,0,4,0,0,0,1,3,2,4,8,0,0,0,0,5,0,0,0,0,0,0
"201565",0,0,0,0,0,0,0,0,0,0,0,0,0,0,0,0,0,0,0,1,0,0,0,0,0,0
"563138",0,0,0,0,0,0,0,0,0,0,0,0,0,1,0,0,0,0,0,0,0,0,0,0,0,0
"543167",7,77,167,2,3,2,9,3,61,13,170,1507,3237,748,693,693,2956,3713,200,85,45,2,13,27,3,2
"2812",0,0,0,0,0,0,0,0,0,0,0,0,0,0,0,0,0,0,2,3,1,0,0,0,0,0
"238799",1197,1424,317,0,2,0,0,0,1,0,1,3,301,178,155,1,0,0,0,0,0,2,0,9,5,0
"530010",1061,4242,417,4,1,4,54,4,5,1,6,66,1505,1046,1003,8,3,5,45,170,227,4,3,17,15,0
"508828",2737,3172,452,2,4,6,150,1,6,3,124,42,2510,1147,1235,11,27,38,226,1124,209,3,3,25,15,4
"268742",2905,3204,2618,2,0,2,66,8,2,1,3,40,499,208,226,1,2,4,1,1,2,7,3,24,14,17
"250059",183,50,0,1,0,0,0,0,0,0,0,0,2,0,0,0,0,0,0,0,0,0,0,1,0,0
"173965",1,0,1,70,31,0,0,0,0,0,0,0,2,0,0,0,0,0,0,0,0,32,188,0,0,0
"186029",0,0,0,46,20,0,4,1,0,0,0,0,12,0,0,0,0,0,0,0,1,7,980,63,88,69
"529659",1,0,0,0,2,358,92,338,1604,39,18,0,0,2,1,0,3,3,1,1,1,1,6,2,3,1
"288778",1,0,0,0,0,1,0,0,0,0,0,0,0,0,0,0,0,0,0,0,0,0,0,0,0,0
"11372",1,0,0,208,0,0,0,0,0,0,1,0,5,0,0,0,0,0,0,0,3,248,255,0,0,0
"247938",2,5,79,0,0,0,0,0,0,0,0,0,0,0,0,0,0,0,0,1,0,0,0,0,0,0
"146359",0,5,47,0,0,1,34,2,0,0,0,0,0,0,0,0,0,0,0,1,0,0,0,0,0,0
"168709",77,192,11015,4,0,13,19,20,2,0,1,0,3,2,1,1,0,4,10,18,9,4,2,2,4,32
"141815",5,27,77,0,0,0,7,3,0,1,5,22,8,5,4,0,0,0,0,0,0,0,1,0,0,0
"1277",0,1,0,0,0,0,0,0,0,0,0,0,0,1,1,0,0,0,0,0,0,0,0,0,0,0
"1281",0,9,1,0,0,0,0,0,0,0,0,0,0,0,0,0,0,0,0,0,0,0,0,0,0,0
"573491",39,113,112,1,0,0,4,0,3,1,3,0,1075,685,650,3,1,1,17,13,2,0,3,6,2,1
"264526",0,0,0,0,0,0,0,0,0,0,4,3,186,652,627,1,0,0,4,2,0,0,0,2,0,0
"142634",1,0,0,0,0,0,0,0,0,0,0,0,0,0,0,0,0,0,0,0,0,0,0,0,0,0
"90530",0,0,0,0,0,0,0,0,0,0,1,0,6,47,29,0,0,0,0,0,0,0,0,0,0,0
"2742",0,0,0,0,2,7,0,0,4,1,13,17,1464,4744,4059,25,8,3,12,51,11,0,4,8,0,3
"278445",0,0,0,0,0,0,0,0,0,0,0,1,41,178,78,0,0,0,1,1,10,1,0,0,0,0
"544167",0,0,0,0,0,0,0,0,0,0,0,1,47,205,160,1,0,0,0,0,0,0,0,0,0,0
"564996",0,0,0,0,0,0,2,0,1,2,5,9,497,1754,1154,9,1,0,1,5,2,1,0,5,0,0
"250288",0,0,0,0,1,883,3,246,318,12,1,1,4,0,0,0,0,0,0,0,1,58,620,0,0,0
"14178",0,0,0,0,0,298,0,7,17,0,0,0,0,0,0,0,0,0,0,0,0,0,0,0,0,0
"515620",0,0,0,443,4,1244,61,9,599,33,2,2,0,0,0,0,0,1,0,0,0,1,3,1,0,1
"298875",383,418,159,6792,6206,256,220,126,95,35,64,64,2082,7353,5687,50,54,41,171,287,1067,11132,667,77440,96869,72083
"450645",0,0,0,0,0,0,0,0,0,0,0,0,0,0,0,0,0,0,0,0,1,0,0,0,0,0
"210652",0,0,0,0,0,0,0,0,0,0,0,0,0,0,0,0,9,0,0,7,4,0,0,0,0,0
"40259",0,0,0,0,0,0,0,0,0,0,0,0,0,0,0,0,0,0,0,1,0,0,0,0,0,0
"589746",0,0,0,350,9,387,38,0,535,29,0,0,2,0,0,0,1,0,0,0,0,101,53,0,0,0
"215890",1,0,0,3601,22,7,86,8,1,0,1,0,2,0,0,0,0,0,0,0,1,9,1,0,1,1
"46159",1,0,1,6,1,682,38,46,291,21,2,0,0,0,0,0,0,0,0,0,0,2,6,1,1,0
"583445",0,0,0,0,0,0,0,0,0,0,0,1,0,1,1,0,0,0,0,0,0,0,0,0,0,0
"209844",0,0,0,0,0,0,0,0,0,0,0,0,0,0,0,0,0,0,0,6,7,0,0,0,0,0
"217815",0,0,0,0,0,0,0,0,0,0,0,0,0,0,0,0,0,0,0,1,2,0,0,0,0,0
"586378",0,0,0,0,0,0,1,0,0,0,0,0,0,0,1,0,0,0,0,2,1,0,0,0,0,0
"246996",0,0,0,0,0,0,0,6,0,0,0,0,0,0,0,0,0,0,0,0,0,0,0,0,0,0
"565812",1,0,0,6052,97,3381,2825,273,10,4,2,2,2,3,2,1,0,3,0,1,1,136,28,1,1,3
"86757",1,0,0,2797,81,3168,6243,918,8,6,8,1,1,6,0,0,1,2,1,0,1,77,47,3,0,4
"586313",0,0,0,0,0,9,0,0,0,0,0,0,0,0,0,0,0,0,0,0,0,0,0,0,0,0
"359171",71,102,46,6364,62,8432,9898,1021,39,21,21,13,159,17,6,2,15,28,102,8,320,125,18,37208,36009,31392
"79549",0,0,0,0,0,0,0,0,0,0,0,0,8,4,11,0,0,0,0,0,0,0,0,0,0,0
"469661",29,23,19,5,1,2,0,0,4,7,0,5,31,4,1,1,8,4,26,0,65,23,39,10282,8000,8652
"300582",0,0,0,1,4,10,0,2,0,0,0,0,0,0,0,0,0,0,0,4,1,0,3,10,7,6
"130030",2,88,0,0,0,0,0,3,0,0,0,1,21,47,67,0,0,0,0,0,4,0,1,0,0,0
"15969",0,0,0,0,1,0,0,0,0,0,0,0,1,5,3,0,0,0,0,4,1,1,0,0,0,0
"469744",1,0,0,165,32,0,0,0,0,0,0,0,0,0,0,0,0,0,1,0,0,1,1,133,136,123
"175497",121,55,58,6802,8183,81,7,2,52,13,14,7,16,5,4,2,8,9,0,3,161,16316,1881,24,8,16
"14010",0,0,0,0,0,134,1,98,8,2,1,0,0,0,0,0,0,0,0,0,0,0,0,0,0,0
"299892",163,90,88,21210,1127,147,102,13,377,38,27,12,424,16,17,3,20,23,65,13,428,20039,44843,32231,23000,26570
"182980",5,4,3,2691,1001,1,0,0,4,1,1,1,10,0,0,0,2,0,4,0,31,1860,461,1046,741,824
"471000",0,0,0,3,0,74,0,10,1,0,0,0,0,0,0,0,0,0,0,0,0,3,12,2,5,1
"205466",41,3,15,85,9,0,0,0,0,0,0,0,0,0,0,0,0,0,0,0,0,1,0,1,1,2
"357795",113,39,61,33522,33057,61,298,31,171,35,38,12,106,16,20,8,17,22,30,14,683,62310,9626,15470,10220,13196
"545473",149,52,53,8065,7409,397,115,35,1572,115,18,13,251,13,22,1,25,11,26,93,895,20649,25997,14556,10714,12221
"528380",0,0,0,3,1,74,0,2,53,2,1,0,0,0,0,0,0,0,0,0,1,4,4,3,2,0
"470747",7,9,1,96,48,1660,160,384,11971,722,193,6,30,12,10,3,10,26,3,3,3,38,552,380,304,296
"290281",25,3,9,883,658,25,13,0,136,5,7,0,13,0,0,0,2,0,0,10,150,2341,1325,63,49,56
"261912",16,23,24,1158,108,2,14,0,18,4,8,2,105,5,5,1,7,4,26,2,103,4450,8371,10948,8530,10089
"470973",185,156,179,10052,2886,80,103,11,135,32,47,12,469,41,28,5,42,47,293,22,932,26839,22820,92874,66877,105781
"17494",7,0,1,12,29,0,0,1,1,0,0,0,5,35,27,0,0,0,0,1,4,31,0,1,0,1
"470172",104,32,37,52395,6717,38,191,1,37,12,17,7,43,43,34,4,13,15,1,13,93,5289,4298,248,165,226
"469824",12,5,1,1,2,7,0,0,2,2,2,1,10,1,1,0,5,1,5,1,26,7,1,3742,2573,3108
"316732",96,28,28,85081,33664,34,66,0,68,21,35,11,20,19,8,1,22,16,2,10,98,8135,145,181,112,151
"558007",19,4,3,1,1,3,0,9,0,0,1,0,0,3,1,0,0,0,0,5,6,1,0,1,0,0
"48583",0,1,0,0,0,93,0,19,120,6,0,0,1,0,0,0,0,0,0,0,0,0,0,0,0,0
"13948",20,4,3,18,13,34,7,20,383,17,12,0,1,0,0,1,3,0,0,3,2,10,33,51,33,43
"223059",136,46,94,20911,20639,13,173,9,197,20,24,10,126,27,13,3,8,12,0,12,676,73308,13993,87,21,38
"262794",0,0,0,0,0,0,0,0,0,0,0,0,0,0,0,0,0,0,0,0,0,1,1,0,0,0
"171551",419,133,130,162726,65482,145,436,47,851,133,148,50,1069,146,66,19,86,109,13,32,2723,215516,157965,770,184,225
"176514",0,0,0,0,0,0,0,0,0,0,0,0,2,2,0,0,0,0,0,0,0,0,0,0,0,0
"261022",9,10,5,50,124,1,0,0,7,1,2,0,12,1,0,0,4,2,6,0,49,310,27,5234,3634,4016
"470117",12,11,22,1373,555,2,0,0,24,6,5,3,127,7,12,4,6,4,29,20,135,5945,11185,10272,7078,11027
"204889",4,3,2,6827,665,4,12,0,8,1,3,0,31,2,0,0,0,1,0,2,19,2081,3330,16,14,11
"322976",0,0,0,0,0,0,0,0,0,0,0,0,0,0,0,0,0,0,0,1,0,0,0,0,0,0
"439457",0,0,0,0,0,0,0,2,0,0,0,0,0,0,0,0,0,0,0,0,0,0,0,0,0,0
"146417",0,0,0,0,0,6,0,0,0,0,0,0,0,0,0,0,0,0,0,0,0,0,0,0,0,0
"102689",0,0,0,0,0,0,1,0,0,0,0,0,0,0,0,0,0,0,0,7,10,1,0,0,0,0
"583700",0,0,0,0,0,2,0,0,0,0,0,0,0,0,0,0,0,0,0,2,2,0,0,0,0,0
"242393",0,1,0,0,0,4,6,7,0,0,0,0,1,0,0,0,0,0,0,19,18,0,0,0,0,0
"259995",1,0,0,0,0,0,0,0,0,0,0,0,0,0,0,0,0,0,0,1,0,0,0,0,0,0
"239864",1,0,0,0,0,1,0,0,0,0,0,0,0,0,0,0,0,0,0,2,3,0,0,0,0,0
"242528",0,1,0,0,0,1,1,1,0,0,0,0,0,0,0,0,0,0,0,0,2,0,0,0,0,0
"235359",0,0,0,0,0,0,4,0,0,0,0,0,0,0,0,0,0,0,0,0,0,0,0,0,0,0
"510492",0,0,0,0,0,1,0,0,0,0,0,0,0,0,0,0,0,0,0,0,0,0,0,0,0,0
"128093",1,1,2,0,0,0,0,0,1,0,0,0,0,0,0,0,3,0,0,3,1,0,0,0,0,0
"348471",0,1,0,0,0,0,3,0,0,0,0,0,0,0,0,0,0,0,0,1,1,0,0,0,0,0
"14497",0,0,3,0,0,0,0,0,0,0,0,0,0,0,0,0,0,0,0,0,0,0,0,0,0,0
"556492",0,0,0,0,0,0,0,0,0,0,0,0,0,0,0,0,0,0,0,1,2,0,0,0,0,0
"269392",1,0,0,0,0,2,3,0,0,0,0,0,0,0,0,0,0,0,0,0,0,0,0,6,1,2
"274948",0,0,0,0,0,1,0,0,1,0,0,0,0,0,0,0,10,347,1,0,0,0,0,0,0,0
"14648",3,3,0,0,0,0,0,0,0,0,0,0,0,0,0,0,0,0,0,0,1,0,0,0,0,0
"69411",1391,775,426,2,1,842,522,399,51,5,15,8,20,57,61,0,4,17,2,297,251,7,2,34,18,19
"571004",0,1,0,0,0,0,0,0,0,0,0,0,1,2,2,0,0,0,0,5,1,0,0,0,0,0
"274087",1,1,2,0,0,0,2,0,0,0,0,0,0,0,0,0,0,0,0,0,2,0,0,0,0,0
"183736",72,10,11,0,0,4,14,17,0,0,0,0,0,0,0,0,0,0,0,0,1,0,0,1,0,0
"287758",552,212,167,0,0,11,26,5,1,1,0,0,2,9,8,0,0,0,0,35,20,1,0,4,1,0
"555419",154,24,45,0,0,7,0,1,1,0,0,0,1,0,0,0,0,0,0,6,4,0,0,0,0,1
"52108",0,0,0,0,0,5,0,0,0,0,0,0,0,0,1,0,0,0,0,0,0,0,0,0,0,0
"130998",34,72,12,0,0,29,62,72,0,0,0,0,0,3,4,0,1,2,1,42,43,0,0,0,0,0
"533903",1,2,1,0,0,0,2,1,0,0,0,0,0,0,0,0,0,0,0,0,0,0,0,0,0,0
"591504",2,2,0,0,0,39,36,81,0,0,1,0,0,0,0,0,0,0,1,9,6,0,0,0,0,0
"470688",1,0,0,0,0,0,0,1,0,0,0,0,0,0,0,0,0,0,0,1,0,0,0,0,0,0
"470462",3,3,1,7,6,15562,911,894,1481,237,45,5,14,6,4,2,6,9,1,0,2,1,3,2,4,1
"301364",6,6,3,114,597,9,14,15,2,0,0,0,0,2,0,0,0,0,0,70,150,430,26,0,1,0
"278692",0,0,0,0,0,0,0,0,0,0,0,0,0,0,0,0,0,0,0,0,2,0,0,0,0,0
"370030",0,0,0,0,0,5,10,7,0,0,0,0,0,0,0,0,1,55,0,0,0,0,0,0,0,0
"15237",0,0,0,0,0,0,49,2,0,0,0,1,0,0,0,0,0,0,0,0,0,0,0,0,0,1
"15250",0,0,0,0,0,5,1,4,18,0,0,0,0,0,0,0,0,0,0,0,0,0,0,0,0,0
"37420",0,0,0,0,0,1,0,1,1,0,0,0,0,0,0,0,0,0,0,0,0,0,0,0,0,0
"28186",2,3,0,2,0,383,31,17,1295,7,0,0,1,2,1,0,0,3,0,0,1,0,0,0,0,0
"20595",0,0,0,0,0,3,0,0,0,0,0,0,0,0,0,0,0,0,0,0,0,0,0,0,0,0
"334656",0,5,0,0,0,155,8,34,537,5,0,0,0,1,0,0,0,1,0,0,1,0,0,0,1,0
"140940",0,0,0,0,2,146,22,14,161,6,2,0,3,1,1,0,0,1,0,1,1,1,0,0,0,0
"530569",0,0,0,0,0,1,0,0,0,0,0,0,0,0,0,0,0,0,1,0,0,0,0,0,0,0
"470477",4,5,3,7,5,11543,288,671,9314,172,55,5,6,5,5,0,4,22,0,2,1,2,5,8,2,6
"95500",0,0,0,0,0,21,4,0,0,0,1,0,0,0,0,0,0,0,0,0,0,0,0,0,0,0
"469920",0,0,0,0,2,2612,120,44,9,0,0,0,0,0,0,0,0,0,1,1,1,0,31,1,0,0
"15053",1,0,0,0,0,70,108,20,1,0,1,3,0,0,0,0,0,0,0,0,0,1,0,0,0,0
"168242",1,0,0,0,16,127,187,9,1,0,0,0,1,0,0,1,0,1,0,1,0,1,62,0,0,0
"101369",0,0,0,0,0,0,0,1,2,0,0,0,0,0,0,0,0,0,0,0,0,1,0,0,0,0
"175947",0,0,0,0,1,2,7,1,0,0,0,0,0,0,0,0,0,0,0,0,0,0,0,0,0,0
"322117",0,1,0,0,0,61,26,13,0,0,0,0,0,0,0,0,2,1,0,0,0,0,9,0,0,0
"114538",38,0,0,1,0,14,26,4,0,1,0,0,0,0,0,0,0,0,0,0,0,2,2,2,2,3
"98605",128,155,101,1250,417,227028,14539,28450,64359,4434,1816,54,397,152,127,46,140,223,161,85,326,490,1765,37392,29431,40416
"252321",5,3,8,31,6,1028,514,929,30,1,2,2,2,2,1,1,1,18,0,2,0,41,56,0,2,0
"541987",0,0,0,0,0,44,8,1,0,0,0,2,0,0,0,0,0,0,0,0,0,0,0,0,0,0
"378462",5,10,3,10,8,15686,17234,5980,41,17,24,8,12,15,7,1,10,12,4,5,6,2,5,8,3,6
"192272",0,0,0,0,1,393,400,481,2,1,2,0,1,0,0,0,4,470,1,6,1,0,0,0,0,0
"28012",0,2,0,0,0,20,6,8,0,0,0,0,0,0,0,0,0,0,0,0,0,0,0,0,0,0
"578911",1,8,1,0,0,137,31,37,0,0,2,1,3,3,3,0,0,0,0,2,2,1,0,0,0,0
"252328",0,0,0,0,0,0,6,1,0,0,0,0,0,0,0,0,0,0,0,7,4,0,0,1,0,0
"82008",0,8,0,0,0,0,0,8,0,0,0,0,0,0,0,0,0,0,0,0,2,0,0,0,0,1
"14413",0,0,0,0,0,0,0,0,0,0,0,0,0,0,0,0,0,0,0,1,0,0,0,0,0,0
"244571",15,85,2,0,0,12,0,2,0,0,0,0,0,3,4,0,0,0,0,4,5,0,0,0,2,0
"250537",185,436,93,0,0,46,61,24,0,0,3,1,5,33,17,0,1,0,1,62,50,0,0,5,1,0
"534076",1,0,0,0,0,2,0,1,0,0,0,0,0,0,0,0,0,0,0,0,0,0,0,0,0,0
"471352",0,2,0,0,0,11,5,0,1,0,0,0,0,0,0,0,0,0,0,6,3,0,0,0,0,0
"111838",0,0,0,0,0,0,0,0,0,0,0,0,0,0,1,0,0,0,0,0,0,0,0,0,0,0
"46942",6,11,5,0,0,0,6,9,0,0,0,0,0,0,0,0,0,0,0,1,2,0,0,0,0,0
"536376",0,0,0,0,0,3,0,0,0,0,0,0,0,0,0,0,0,0,0,0,0,0,0,0,0,0
"41281",0,0,0,0,0,0,0,0,0,0,1,0,0,0,0,0,0,0,0,0,1,0,0,0,0,0
"133383",0,0,0,0,0,7,4,0,0,0,0,0,0,0,0,0,0,0,0,0,1,0,0,1,0,0
"237040",5,81,9,0,0,14,43,13,0,0,0,0,9,10,27,0,0,0,0,5,2,0,0,0,0,0
"172658",0,0,0,0,0,0,0,0,0,1,0,1,34,79,119,0,0,0,0,0,2,0,0,0,0,0
"589024",3,5,1,13356,10,1,1,0,21,1,7,1,17,1,3,0,4,6,0,1,35,4601,1420,5,3,5
"469482",1,1,1,1733,8593,0,43,1,4,0,5,0,2,0,0,0,1,0,0,0,1,0,2,1,1,0
"550364",0,0,0,0,0,2858,47,2462,396,140,6,0,1,0,0,2,3,2,1,0,2,0,1,2,1,0
"470691",9,11,8,1,2,4,0,0,3,1,0,2,20,6,2,0,3,3,17,1,48,7,2,7405,5883,6087
"217802",24,6,3,0,0,6,6,0,0,0,0,0,0,0,0,0,0,0,0,0,0,0,0,0,0,0
"583086",0,0,0,0,0,0,0,0,0,0,0,0,1,4,5,0,0,0,0,1,0,0,0,0,0,0
"184145",0,0,0,0,0,0,0,0,0,0,0,0,0,0,2,0,0,0,0,0,0,0,0,0,0,0
"161464",1,22,0,0,0,0,0,1,0,1,0,0,223,79,66,1,0,1,0,0,1,0,1,3,0,0
"43739",0,0,0,0,0,46,1,1,1,0,0,0,0,0,0,0,0,0,0,0,0,0,0,0,0,0
"358364",1,1,2,1903,2975,464,129,155,15,3,0,0,2,2,0,0,0,0,0,1,5,606,11,0,0,0
"145149",24,51,19,195,63,26718,873,10749,103811,25090,1051,40,135,90,86,35,63,248,42,31,35,47,35,102,86,35
"542860",0,10,0,0,0,0,1,0,0,0,0,0,0,0,0,0,0,0,0,0,0,0,0,0,0,0
"471370",14,18,6,2,3,0,0,0,8,0,3,2,27,4,2,0,5,5,21,3,70,10,1,8457,7109,7461
"250833",1,14,0,0,0,9,0,0,0,0,0,1,18,46,78,0,0,0,0,8,14,0,0,0,0,0
"237991",1,5,0,11,60,0,0,0,0,0,0,0,1,2,1,0,0,0,1,3,9,22,0,0,0,0
"68340",0,0,0,89,2,128,11,183,119,7,1,0,0,1,0,0,0,2,0,0,0,0,0,0,0,1
"521688",0,0,0,0,0,0,0,0,0,0,0,0,0,1,0,0,0,0,0,0,0,0,0,0,0,0
"13662",0,0,0,0,0,0,0,0,0,0,0,0,1,1,1,0,0,0,1,1,0,0,0,0,0,0
"558367",0,0,0,0,0,0,11,9,0,0,0,0,0,0,0,0,0,0,0,0,0,0,0,0,0,0
"523249",0,0,0,0,0,0,0,1,0,0,0,0,0,0,0,0,0,0,0,0,0,0,0,0,0,0
"276742",0,0,0,0,29,0,0,0,0,0,0,0,0,0,0,0,0,0,0,0,0,42,0,0,0,0
"92501",0,0,0,0,0,201,13,75,18,4,1,0,0,0,0,0,0,0,0,0,0,0,0,0,0,0
"484439",0,0,0,7,0,0,0,0,0,0,0,0,0,0,0,0,0,0,0,0,0,0,0,0,0,0
"579616",0,0,0,56,0,0,0,0,0,0,0,0,0,0,0,0,0,0,0,0,0,0,0,0,0,0
"546622",0,0,0,0,0,0,1,13,0,1,0,0,0,0,0,0,0,0,0,0,0,0,0,0,0,0
